geo,year,EU,Ukraine,national,non_EU,foreigners,foreigners_pop_share,non_EU_pop_share,ukraine_pop_share,ukraine_for_share,non_EU_for_share,iso_a3
Austria,1998,27468.0,410.0,13494.0,101367.0,128835.0,,,,0.31823650405557496,78.67970660146699,AUT
Austria,1999,30266.0,582.0,14331.0,128227.0,158493.0,,,,0.367208646438644,80.90388849980756,AUT
Austria,2001,36068.0,777.0,15142.0,134108.0,170176.0,,,,0.4565861226024821,78.8054719819481,AUT
Austria,2002,34008.0,1103.0,21981.0,137932.0,171940.0,,,,0.6415028498313365,80.22100732813773,AUT
Austria,2003,37727.0,1332.0,18528.0,148679.0,186406.0,2.3012310819647683,1.8354813473570584,0.016443890224440583,0.7145692735212386,79.76084460800618,AUT
Austria,2004,45107.0,1390.0,18301.0,163140.0,208247.0,2.5575085418331525,2.0035435973371074,0.017070771118662367,0.6674766023039947,78.33966395674368,AUT
Austria,2005,45534.0,1300.0,16470.0,150223.0,195757.0,2.3868849052943544,1.8316842367222312,0.015851031518069138,0.6640886405083855,76.73952911007014,AUT
Austria,2006,44632.0,1013.0,15636.0,121176.0,165808.0,2.0087474428473504,1.4680351981476802,0.012272394333231004,0.6109476020457396,73.08211907748722,AUT
Austria,2007,38066.0,589.0,8477.0,90818.0,128884.0,1.556009283610834,1.0964406064287942,0.007110963874854763,0.45700009310697987,70.46491418640018,AUT
Austria,2008,39541.0,604.0,8636.0,90810.0,130351.0,1.5689837817551275,1.0930442974828205,0.00727011073317502,0.46336430100267734,69.66574863253831,AUT
Austria,2009,0.0,0.0,8988.0,60233.0,60233.0,0.7226512096036438,0.7226512096036438,0.0,0.0,100.0,AUT
Austria,2010,0.0,0.0,8817.0,62610.0,62610.0,0.7496728488035229,0.7496728488035229,0.0,0.0,100.0,AUT
Austria,2011,46842.0,680.0,8082.0,101928.0,148770.0,1.776323424830845,1.2170269143386325,0.008119243993311653,0.45708140082005777,68.51381326880418,AUT
Austria,2012,52128.0,767.0,8272.0,114725.0,166853.0,1.984426722688696,1.3644546742369668,0.009122133232859042,0.4596860709726526,68.7581284124349,AUT
Austria,2013,0.0,0.0,9237.0,92710.0,92710.0,1.0969183114722676,1.0969183114722676,0.0,0.0,100.0,AUT
Austria,2014,66006.0,1299.0,9203.0,148350.0,214356.0,2.5195274070128235,1.7436968912946331,0.01526836711689739,0.6060012315960365,69.20730000559816,AUT
Austria,2015,67811.0,1584.0,9443.0,245786.0,313597.0,3.652879477353678,2.8629949751459707,0.018450945296441694,0.5051068728336049,78.37638752921744,AUT
Austria,2016,63659.0,1130.0,9768.0,176082.0,239741.0,2.7554945013896375,2.023821468975645,0.012987802614364212,0.471341989897431,73.44676129656588,AUT
Austria,2017,63314.0,1137.0,9684.0,141130.0,204444.0,2.3304131546535825,1.6087104953740883,0.012960418289806125,0.5561425133532899,69.03112832853985,AUT
Austria,2018,64179.0,1234.0,9578.0,128261.0,192440.0,2.1812987523501612,1.453832671353066,0.013987334547911552,0.6412388276865516,66.64986489295364,AUT
Austria,2019,66881.0,1294.0,9979.0,131798.0,198679.0,2.2427367214993046,1.4877677782763419,0.014606985728839485,0.6513018487107344,66.33715692146629,AUT
Austria,2020,64322.0,1140.0,10096.0,122863.0,187185.0,2.102950838236867,1.3803181282597226,0.012807457625290638,0.6090231589069637,65.63720383577744,AUT
Austria,2021,64422.0,1613.0,9631.0,153513.0,217935.0,2.4397536949783403,1.7185578680671296,0.018057323100924876,0.7401289375272444,70.43981003510221,AUT
Austria,2022,73560.0,63844.0,10501.0,308904.0,382464.0,4.259572606042435,3.4403212231659257,0.7110424862475246,16.692812918340028,80.76681726907631,AUT
Austria,2023,68937.0,12081.0,8639.0,209199.0,278136.0,3.054837617021052,2.297685213863675,0.13268866040797067,4.3435585468979205,75.21464319613426,AUT
Belarus,2007,529.0,1578.0,0.0,11601.0,12130.0,0.12486539397296463,0.1194199039967323,0.016243824541577755,13.00906842539159,95.63891178895301,BLR
Belgium,1998,0.0,0.0,24146.0,59666.0,59666.0,,,,0.0,100.0,BEL
Belgium,1999,0.0,0.0,24556.0,68152.0,68152.0,,,,0.0,100.0,BEL
Belgium,2000,0.0,0.0,26479.0,62909.0,62909.0,,,,0.0,100.0,BEL
Belgium,2001,0.0,0.0,28182.0,82504.0,82504.0,,,,0.0,100.0,BEL
Belgium,2002,0.0,0.0,30489.0,83368.0,83368.0,,,,0.0,100.0,BEL
Belgium,2003,0.0,0.0,33314.0,78746.0,78746.0,0.7604015664971392,0.7604015664971392,0.0,0.0,100.0,BEL
Belgium,2004,0.0,0.0,33276.0,83960.0,83960.0,0.807585610471142,0.807585610471142,0.0,0.0,100.0,BEL
Belgium,2005,0.0,0.0,34922.0,97888.0,97888.0,0.9370992428382099,0.9370992428382099,0.0,0.0,100.0,BEL
Belgium,2006,0.0,0.0,35827.0,101872.0,101872.0,0.9691589555017598,0.9691589555017598,0.0,0.0,100.0,BEL
Belgium,2007,56045.0,314.0,36483.0,161698.0,217743.0,2.0571807884976328,1.527681804413874,0.0029665925774342073,0.14420670239686234,74.26094065021609,BEL
Belgium,2010,59136.0,466.0,18557.0,174121.0,233257.0,2.151836201516526,1.6062963651434214,0.004298930664060247,0.19977964219723307,74.647706178164,BEL
Belgium,2011,64690.0,668.0,13790.0,199596.0,264286.0,2.4024606572818774,1.8144038554854727,0.006072375074972924,0.2527564835065043,75.52272916461712,BEL
Belgium,2012,65685.0,570.0,13422.0,165502.0,231187.0,2.087299719236984,1.4942547726868696,0.005146313763166099,0.24655365569863358,71.58793530778115,BEL
Belgium,2013,62106.0,458.0,14549.0,149159.0,211265.0,1.8967991844836414,1.3391932859602653,0.00411205844079004,0.21678934040186496,70.6027974345017,BEL
Belgium,2014,62772.0,880.0,16813.0,149776.0,212548.0,1.9010020714007174,1.3395773483924285,0.00787060721734682,0.4140241263149971,70.4669062988125,BEL
Belgium,2015,60089.0,800.0,17864.0,195669.0,255758.0,2.2759790319253583,1.7412497016625208,0.007119164309778332,0.3127956896753963,76.5055247538689,BEL
Belgium,2016,57260.0,571.0,17615.0,153863.0,211123.0,1.8665088514246648,1.360281217142392,0.005048130967083091,0.2704584531292185,72.87836948129764,BEL
Belgium,2017,58568.0,684.0,17536.0,158756.0,217324.0,1.914457597509172,1.3985184809324607,0.00602551488421101,0.3147374427122637,73.05037639653237,BEL
Belgium,2018,62128.0,686.0,18197.0,175987.0,238115.0,2.088986628081774,1.543936710061219,0.006018288754862554,0.288096088024694,73.90840560233501,BEL
Belgium,2019,66932.0,771.0,19010.0,193543.0,260475.0,2.2737948407226245,1.6895175155311601,0.006730380352038174,0.2959976965159804,74.30386793358288,BEL
Belgium,2020,0.0,0.0,17130.0,101052.0,101052.0,0.8770017461579318,0.8770017461579318,0.0,0.0,100.0,BEL
Belgium,2021,0.0,0.0,17357.0,121674.0,121674.0,1.0530199354084768,1.0530199354084768,0.0,0.0,100.0,BEL
Belgium,2022,0.0,0.0,15936.0,191532.0,191532.0,1.648633287549441,1.648633287549441,0.0,0.0,100.0,BEL
Belgium,2023,65549.0,11972.0,15668.0,241858.0,307407.0,2.6178347984585613,2.0596287289671045,0.10195186904379501,3.894511185496752,78.67680306564262,BEL
Bosnia and Herzegovina,2007,1469.0,115.0,0.0,4158.0,5627.0,0.14638332764917533,0.10816809603079278,0.002991662107633759,2.043717789230496,73.89372667496002,BIH
Bulgaria,2007,6.0,1.0,1498.0,118.0,124.0,0.0016374667174985638,0.0015582344569744395,1.3205376754020674e-05,0.8064516129032258,95.16129032258065,BGR
Bulgaria,2012,3293.0,348.0,4964.0,16365.0,19658.0,0.2682871439442823,0.2233451577295849,0.004749411236779441,1.7702716451317528,83.24855020856648,BGR
Bulgaria,2013,1287.0,583.0,4682.0,33495.0,34782.0,0.48291189960897213,0.4650432429820747,0.008094348728423632,1.6761543327008224,96.29981024667931,BGR
Bulgaria,2014,1160.0,665.0,9502.0,44022.0,45182.0,0.6348057373894848,0.6185077723730666,0.009343229944756924,1.471825063078217,97.43260590500643,BGR
Bulgaria,2015,1136.0,837.0,10722.0,48052.0,49188.0,0.6997179107471311,0.6835578809307381,0.011906641686902267,1.7016345450109782,97.69049361632919,BGR
Bulgaria,2016,1017.0,1468.0,9254.0,42343.0,43360.0,0.6248956045310119,0.6102388049505683,0.021156520928310094,3.385608856088561,97.65452029520296,BGR
Bulgaria,2017,517.0,1316.0,13060.0,28216.0,28733.0,0.4194893713689051,0.411941395000349,0.019213030756324752,4.5800995371176,98.20067518184665,BGR
Bulgaria,2018,736.0,1089.0,16169.0,28563.0,29299.0,0.4335827678560065,0.42269103376467165,0.016115622860684364,3.716850404450664,97.48796887265777,BGR
Bulgaria,2019,916.0,1250.0,23555.0,29975.0,30891.0,0.4635381083065471,0.44979297518658345,0.018757004803443847,4.046486031530219,97.03473503609466,BGR
Bulgaria,2020,887.0,1696.0,24007.0,29429.0,30316.0,0.46148167035175114,0.44797941934231705,0.025817156383314752,5.594405594405594,97.0741522628315,BGR
Bulgaria,2021,5459.0,1799.0,22087.0,40178.0,45637.0,0.6986555813375663,0.6150839000587405,0.02754084165975594,3.941976904704516,88.03821460656923,BGR
Bulgaria,2022,7615.0,1792.0,19032.0,55981.0,63596.0,0.9810436863399894,0.8635732845619056,0.027643724226700753,2.8177872822190078,88.02597647650796,BGR
Bulgaria,2023,7592.0,9711.0,17017.0,94529.0,102121.0,1.5838336401606152,1.4660864089731083,0.15061161249497884,9.509307586098844,92.56568188717306,BGR
Croatia,1998,0.0,0.0,0.0,51801.0,51801.0,,,,0.0,100.0,HRV
Croatia,1999,119.0,0.0,31046.0,35004.0,35123.0,,,,0.0,99.66119067277852,HRV
Croatia,2001,204.0,0.0,22256.0,27347.0,27551.0,,,,0.0,99.25955500707778,HRV
Croatia,2002,387.0,39.0,18368.0,3300.0,3687.0,,,,1.0577705451586654,89.50366151342554,HRV
Croatia,2003,439.0,27.0,16355.0,3748.0,4187.0,0.09725032656785086,0.08705379125299857,0.0006271217619613023,0.6448531167900645,89.51516598996895,HRV
Croatia,2004,323.0,21.0,16857.0,2729.0,3052.0,0.07088237172601594,0.06338073146798738,0.00048772274123405466,0.6880733944954129,89.41677588466578,HRV
Croatia,2006,272.0,10.0,13944.0,1785.0,2057.0,0.047698694512006645,0.04139142912198924,0.0002318847569859341,0.48614487117160915,86.77685950413223,HRV
Croatia,2007,241.0,19.0,13704.0,1592.0,1833.0,0.042494198487085987,0.03690712710935127,0.00044047450695833805,1.0365521003818876,86.85215493726132,HRV
Croatia,2008,864.0,43.0,12409.0,8110.0,8974.0,0.20811847586032084,0.1880812167625587,0.0009972247004673273,0.4791620236238021,90.37218631602407,HRV
Croatia,2009,1106.0,53.0,7538.0,10254.0,11360.0,0.2635855618224157,0.23792309427174743,0.0012297565824461296,0.4665492957746479,90.26408450704226,HRV
Croatia,2010,1240.0,68.0,4145.0,8177.0,9417.0,0.21885509756679705,0.190036968546639,0.0015803490107828607,0.7220983328023787,86.83232451948604,HRV
Croatia,2011,1002.0,52.0,4720.0,6642.0,7644.0,0.178187757773744,0.15483033583636938,0.0012121616175084623,0.6802721088435374,86.8916797488226,HRV
Croatia,2012,1287.0,89.0,4208.0,8238.0,9525.0,0.22275574464263667,0.1926574093822615,0.0020813922596529828,0.9343832020997376,86.48818897637796,HRV
Croatia,2013,1764.0,65.0,5085.0,8852.0,10616.0,0.24991742790331847,0.2083900783534453,0.0015302027895361435,0.6122833458929917,83.38357196684251,HRV
Croatia,2014,2212.0,91.0,4824.0,9490.0,11702.0,0.27745426817702445,0.2250077768757445,0.002157608819356454,0.7776448470346949,81.09724833361818,HRV
Croatia,2015,2104.0,104.0,6483.0,8372.0,10476.0,0.25056716053782485,0.20024324818849462,0.002487493766316703,0.9927453226422298,79.9159984726995,HRV
Croatia,2016,2107.0,206.0,7733.0,10441.0,12548.0,0.3037436624252774,0.25274048289626405,0.004986547215461201,1.6416958877908832,83.20847943895441,HRV
Croatia,2017,2087.0,223.0,7911.0,13250.0,15337.0,0.37602031397218133,0.32485291518102644,0.005467335855499539,1.4540001304035992,86.39238442981026,HRV
Croatia,2018,2108.0,618.0,8619.0,32760.0,34868.0,0.8685859023934438,0.8160741700817145,0.015394805772603774,1.772398761041643,93.95434209016864,HRV
Croatia,2019,2314.0,1071.0,9882.0,53417.0,55731.0,1.4042718528799025,1.345965253903317,0.026986329949837174,1.9217311729558058,95.84791229297878,HRV
Croatia,2020,3814.0,951.0,8460.0,46109.0,49923.0,1.2691714857286531,1.1722097637454172,0.024176874044587647,1.9049335977405202,92.36023476153275,HRV
Croatia,2021,4753.0,735.0,10622.0,45872.0,50625.0,1.3004023091548835,1.1783121921096853,0.018879915006989424,1.451851851851852,90.61135802469136,HRV
Croatia,2022,5167.0,11121.0,10340.0,90197.0,95364.0,2.4690955271528274,2.335315310416966,0.28793686671560115,11.661633320749969,94.581812843421,HRV
Croatia,2023,4649.0,13101.0,10852.0,112586.0,117235.0,3.044358011412415,2.9236327979944394,0.34020671563538235,11.174990403889623,96.03446069859683,HRV
Cyprus,2009,0.0,0.0,2106.0,20452.0,20452.0,2.5663483618385556,2.5663483618385556,0.0,0.0,100.0,CYP
Cyprus,2010,0.0,0.0,1881.0,18308.0,18308.0,2.2350269795151014,2.2350269795151014,0.0,0.0,100.0,CYP
Cyprus,2011,0.0,0.0,2054.0,20956.0,20956.0,2.4955016427488625,2.4955016427488625,0.0,0.0,100.0,CYP
Cyprus,2012,0.0,0.0,1719.0,14419.0,14419.0,1.6727164734556752,1.6727164734556752,0.0,0.0,100.0,CYP
Cyprus,2013,0.0,0.0,1444.0,12222.0,12222.0,1.4115152481065463,1.4115152481065463,0.0,0.0,100.0,CYP
Cyprus,2014,0.0,0.0,1910.0,11093.0,11093.0,1.2928904428904429,1.2928904428904429,0.0,0.0,100.0,CYP
Cyprus,2015,0.0,0.0,3046.0,12318.0,12318.0,1.4542955910687974,1.4542955910687974,0.0,0.0,100.0,CYP
Cyprus,2016,0.0,0.0,2997.0,15593.0,15593.0,1.8381057125916076,1.8381057125916076,0.0,0.0,100.0,CYP
Cyprus,2017,0.0,0.0,2184.0,20274.0,20274.0,2.371777323871493,2.371777323871493,0.0,0.0,100.0,CYP
Cyprus,2018,0.0,0.0,2533.0,23207.0,23207.0,2.68526189605617,2.68526189605617,0.0,0.0,100.0,CYP
Cyprus,2019,0.0,0.0,2958.0,24595.0,24595.0,2.8079721520403607,2.8079721520403607,0.0,0.0,100.0,CYP
Cyprus,2020,0.0,0.0,3984.0,18866.0,18866.0,2.124537587063136,2.124537587063136,0.0,0.0,100.0,CYP
Cyprus,2021,0.0,0.0,2028.0,23445.0,23445.0,2.6166090220277294,2.6166090220277294,0.0,0.0,100.0,CYP
Cyprus,2022,0.0,0.0,2240.0,35318.0,35318.0,3.903813950403723,3.903813950403723,0.0,0.0,100.0,CYP
Cyprus,2023,0.0,0.0,2046.0,38715.0,38715.0,4.079196361965853,4.079196361965853,0.0,0.0,100.0,CYP
Czechia,2001,0.0,0.0,1595.0,11323.0,11323.0,,,,0.0,100.0,CZE
Czechia,2002,18239.0,10711.0,1031.0,69109.0,87348.0,,,,12.26244447497367,79.1191555616614,CZE
Czechia,2003,29038.0,15490.0,2577.0,85904.0,114942.0,1.1276950672980104,0.8428034753281508,0.15197226942672118,13.47636199126516,74.73682378938943,CZE
Czechia,2004,21049.0,16290.0,2649.0,80570.0,101619.0,0.9967193858139404,0.7902624599241203,0.15977876966816332,16.030466743423965,79.28635392987532,CZE
Czechia,2005,15770.0,23875.0,1718.0,101423.0,117193.0,1.1490799702515626,0.9944547696775765,0.23409490575167508,20.372377189763892,86.5435648886879,CZE
Czechia,2006,10864.0,30150.0,2058.0,121451.0,132315.0,1.2942143439620009,1.1879501665610774,0.2949065674372091,22.786532139213243,91.78929070778068,CZE
Czechia,2007,22491.0,39572.0,1934.0,182584.0,205075.0,1.9999057950019277,1.7805719842722514,0.38590892171067304,19.29635499207607,89.03279288065342,CZE
Czechia,2008,21120.0,28056.0,25190.0,145242.0,166362.0,1.6083845365682654,1.4041967928989072,0.27124485494259054,16.86442817470336,87.30479316189995,CZE
Czechia,2009,15163.0,13369.0,21744.0,92781.0,107944.0,1.0353562893069999,0.889918771568524,0.1282301770524094,12.385125620692211,85.9529015044838,CZE
Czechia,2010,14492.0,3631.0,18267.0,45730.0,60222.0,0.575621233543438,0.4371020392869951,0.034706265135601995,6.0293580419115935,75.93570455979543,CZE
Czechia,2011,10474.0,2264.0,8141.0,27586.0,38060.0,0.3629348364137499,0.26305623744902007,0.02158918732634603,5.948502364687336,72.48029427220179,CZE
Czechia,2012,11857.0,4410.0,6765.0,43415.0,55272.0,0.5261271654841846,0.41326188467028285,0.041978231288631755,7.9787234042553195,78.54790852511218,CZE
Czechia,2013,13625.0,3693.0,5326.0,36132.0,49757.0,0.47314956792544777,0.34358663481082624,0.03511749812787505,7.422071266354482,72.61691822256165,CZE
Czechia,2014,14375.0,3387.0,5759.0,34055.0,48430.0,0.4606932048655975,0.3239501774044585,0.03221903540945238,6.993599008878794,70.31798472021474,CZE
Czechia,2015,14133.0,3654.0,4478.0,36323.0,50456.0,0.4787880369415298,0.344676903952497,0.034673606448873275,7.241953385127636,71.98945615982242,CZE
Czechia,2016,28890.0,8588.0,4533.0,90624.0,119514.0,1.132421621204712,0.8586824723468031,0.08137320215963038,7.185769031243201,75.82709975400371,CZE
Czechia,2017,16071.0,10340.0,4536.0,78722.0,94793.0,0.8960640222633527,0.7441472678427273,0.09774247033222988,10.907978437226378,83.046216492779,CZE
Czechia,2018,17254.0,18491.0,4529.0,105703.0,122957.0,1.1588724092382179,0.9962530825712026,0.17427807867159972,15.038590726839466,85.96745203607765,CZE
Czechia,2019,32063.0,34465.0,4170.0,171638.0,203701.0,1.912721365659449,1.6116546789611073,0.32362110086574397,16.919406384848383,84.25977290244035,CZE
Czechia,2020,17889.0,24433.0,3262.0,101838.0,119727.0,1.1195781086838068,0.9522964363271569,0.22847521385712036,20.407259849490924,85.05850810594102,CZE
Czechia,2021,14548.0,31723.0,2913.0,118628.0,133176.0,1.2689669471728762,1.1303463913109266,0.30227247000334256,23.82035802246651,89.0761098095753,CZE
Czechia,2022,13394.0,307563.0,3031.0,675598.0,688992.0,6.551404351190919,6.424045093202653,2.924518102482079,44.63956040128188,98.05600065022526,CZE
Czechia,2023,12788.0,102672.0,2396.0,266952.0,279740.0,2.5835996375534993,2.465493281061635,0.9482495960066235,36.70265246300136,95.42861228283405,CZE
Denmark,1998,8916.0,172.0,22542.0,51004.0,59920.0,,,,0.2870493991989319,85.12016021361816,DNK
Denmark,1999,8597.0,195.0,22353.0,49169.0,57766.0,,,,0.3375688121040058,85.11754319149672,DNK
Denmark,2000,8943.0,303.0,22105.0,55257.0,64200.0,,,,0.4719626168224299,86.07009345794393,DNK
Denmark,2001,9227.0,436.0,22330.0,60845.0,70072.0,,,,0.6222171480762645,86.83211553830346,DNK
Denmark,2002,9007.0,558.0,22181.0,52208.0,61215.0,,,,0.9115412888997796,85.28628604100302,DNK
Denmark,2003,8971.0,648.0,22062.0,46426.0,55397.0,1.0290132435975285,0.8623746565203686,0.01203676339605391,1.169738433489178,83.8059822734083,DNK
Denmark,2004,10220.0,791.0,21990.0,45664.0,55884.0,1.0353413714141735,0.8459993626844323,0.01465455273045257,1.4154319662157326,81.71211795862858,DNK
Denmark,2005,12216.0,1225.0,22469.0,48029.0,60245.0,1.1132968240225967,0.8875513845295261,0.022637374212427272,2.03336376462777,79.72279857249565,DNK
Denmark,2006,15783.0,1650.0,22469.0,53028.0,68811.0,1.2678308578655315,0.9770317933309123,0.030400966640190187,2.3978724331865546,77.06326023455551,DNK
Denmark,2007,20265.0,2131.0,22033.0,64081.0,84346.0,1.5484615254694072,1.1764276078723954,0.03912184941521005,2.5264979963483745,75.97396438479595,DNK
Denmark,2008,18989.0,1849.0,19851.0,56539.0,75528.0,1.3793075740107685,1.032526624920491,0.03376681104154632,2.4480987183561065,74.85833068530876,DNK
Denmark,2009,15331.0,1491.0,19281.0,50198.0,65529.0,1.1889609469448246,0.9107946346615439,0.027052767048096775,2.2753284805200753,76.60425155274764,DNK
Denmark,2010,15709.0,1255.0,18508.0,52307.0,68016.0,1.228892858162392,0.9450673184530144,0.022674966728325713,1.8451540813926133,76.90396377322983,DNK
Denmark,2011,17077.0,1179.0,18261.0,52733.0,69810.0,1.255433738779145,0.9483281384764455,0.021202641140533048,1.6888697894284488,75.53788855464833,DNK
Denmark,2012,18789.0,1154.0,18644.0,53353.0,72142.0,1.2927478390887153,0.956058543690225,0.020679091324171457,1.599622965817416,73.95553214493637,DNK
Denmark,2013,20159.0,1280.0,18970.0,63141.0,83300.0,1.4868022649370973,1.1269889773156454,0.022846421357977004,1.5366146458583434,75.79951980792316,DNK
Denmark,2014,22613.0,1474.0,19349.0,76170.0,98783.0,1.7554447255179497,1.353595504719458,0.02619403668053671,1.4921595821143314,77.10840934168834,DNK
Denmark,2015,23519.0,1086.0,19797.0,94656.0,118175.0,2.088002664445118,1.6724517047236476,0.019188245344509396,0.9189760947746985,80.09815950920245,DNK
Denmark,2016,23361.0,1250.0,19742.0,86733.0,110094.0,1.929019768010904,1.519698362661814,0.021901962959049812,1.135393391102149,78.78085999237015,DNK
Denmark,2017,23849.0,1580.0,19533.0,75020.0,98869.0,1.719829062534953,1.3049750303064882,0.027484144866492286,1.598074219421659,75.87818224114737,DNK
Denmark,2018,23336.0,1926.0,19402.0,67882.0,91218.0,1.5778412402982778,1.1741873212954426,0.0333149403496512,2.1114253765704136,74.41732991295578,DNK
Denmark,2019,22066.0,1956.0,19108.0,62980.0,85046.0,1.4647746044190566,1.0847247911284739,0.03368881694898848,2.2999318016132446,74.05404134233238,DNK
Denmark,2020,21528.0,1326.0,19420.0,54321.0,75849.0,1.3026290096299642,0.9329076247822554,0.02277269399424294,1.7482102598584028,71.61729225171064,DNK
Denmark,2021,29592.0,1740.0,16215.0,65012.0,94604.0,1.619919024596557,1.1132106002607856,0.029794290968648357,1.8392456978563274,68.72013868335377,DNK
Denmark,2022,0.0,0.0,18141.0,102862.0,102862.0,1.7513135447490558,1.7513135447490558,0.0,0.0,100.0,DNK
Denmark,2023,0.0,0.0,18783.0,79456.0,79456.0,1.339299409673984,1.339299409673984,0.0,0.0,100.0,DNK
Estonia,2004,273.0,118.0,338.0,1201.0,1474.0,0.10788655077767612,0.08790484903934126,0.008636779505946934,8.005427408412483,81.47896879240163,EST
Estonia,2005,426.0,128.0,455.0,1485.0,1911.0,0.1406336240203113,0.1092835853847003,0.009419729918681237,6.698063840920984,77.70800627943485,EST
Estonia,2006,790.0,77.0,746.0,2145.0,2935.0,0.21729473606278224,0.1588065447545717,0.0057007477604205225,2.6235093696763205,73.08347529812606,EST
Estonia,2007,1030.0,169.0,1789.0,2826.0,3856.0,0.2871354957853037,0.21043695827003842,0.012584517320465852,4.382780082987551,73.28838174273858,EST
Estonia,2008,945.0,183.0,1742.0,2916.0,3861.0,0.28847015928991965,0.2178655748483309,0.013672633812498131,4.73970473970474,75.52447552447552,EST
Estonia,2009,986.0,221.0,1655.0,3493.0,4479.0,0.33531974785512153,0.2615029871082696,0.016545136029466813,4.934137084170573,77.98615762446974,EST
Estonia,2010,495.0,88.0,1611.0,1897.0,2392.0,0.17940583068949742,0.14227962408778286,0.006600214506971477,3.678929765886288,79.30602006688964,EST
Estonia,2011,62.0,264.0,2034.0,3298.0,3360.0,0.2526961779703082,0.2480333318291894,0.019854699697667073,7.857142857142857,98.1547619047619,EST
Estonia,2012,70.0,188.0,1532.0,2159.0,2229.0,0.16819886856265803,0.16291671477199585,0.014186355894921359,8.434275459847465,96.859578286227,EST
Estonia,2013,138.0,324.0,2472.0,3149.0,3287.0,0.24898233111695883,0.23852916357995235,0.02454221943471088,9.857012473379982,95.80164283541222,EST
Estonia,2014,154.0,395.0,2557.0,2549.0,2703.0,0.20542339029912168,0.19371965293098822,0.030019326366316337,14.61339252682205,94.30262671106179,EST
Estonia,2015,3072.0,1200.0,8043.0,11687.0,14759.0,1.1224683809045761,0.8888331165818674,0.09126377512605809,8.13063215665018,79.18558167897554,EST
Estonia,2016,3400.0,1091.0,7129.0,12022.0,15422.0,1.1719343680278187,0.9135647109603449,0.08290626348841593,7.074309428089743,77.95357281805212,EST
Estonia,2017,4387.0,1037.0,8549.0,13761.0,18148.0,1.3794099427272761,1.045958795562599,0.07882125361517442,5.714128278598193,75.82653735948864,EST
Estonia,2018,3981.0,1513.0,7836.0,15303.0,19284.0,1.4618692732271878,1.160080143548831,0.1146965468986069,7.845882596971583,79.35594275046671,EST
Estonia,2019,3728.0,1785.0,7265.0,17122.0,20850.0,1.573798704729699,1.2924019866849836,0.13473528479340588,8.56115107913669,82.11990407673862,EST
Estonia,2020,0.0,0.0,5900.0,9806.0,9806.0,0.7378613308291496,0.7378613308291496,0.0,0.0,100.0,EST
Estonia,2021,0.0,0.0,7056.0,12316.0,12316.0,0.9259676948847727,0.9259676948847727,0.0,0.0,100.0,EST
Estonia,2022,3457.0,33217.0,6981.0,81167.0,84624.0,6.3541263076327,6.094552018477304,2.494150755821462,39.25245793155606,95.91487048591416,EST
Estonia,2023,2983.0,13082.0,5758.0,37772.0,40755.0,2.9837819317013743,2.7653885688682203,0.9577680095820728,32.099128941234206,92.68065268065267,EST
Finland,1998,2331.0,92.0,5852.0,17552.0,19883.0,,,,0.4627068349846603,88.27641703968214,FIN
Finland,1999,2255.0,75.0,6807.0,16492.0,18747.0,,,,0.4000640102416387,87.97140875873473,FIN
Finland,2000,2674.0,143.0,7785.0,19178.0,21852.0,,,,0.6544023430349625,87.7631338092623,FIN
Finland,2001,3124.0,156.0,7918.0,23036.0,26160.0,,,,0.5963302752293578,88.05810397553518,FIN
Finland,2002,2961.0,139.0,8141.0,16845.0,19806.0,,,,0.7018075330707866,85.04998485307482,FIN
Finland,2003,3056.0,125.0,8406.0,15707.0,18763.0,0.3603906424818417,0.30169247036520214,0.0024009396317342755,0.666204764696477,83.71262591270052,FIN
Finland,2004,3878.0,121.0,8822.0,19022.0,22900.0,0.43871984232140654,0.3644248402025238,0.0023181266777681305,0.5283842794759825,83.06550218340611,FIN
Finland,2005,4297.0,127.0,8611.0,21035.0,25332.0,0.4837479812802593,0.4016910937245482,0.002425232655242102,0.501342175903995,83.0372651192168,FIN
Finland,2006,5094.0,141.0,8583.0,22512.0,27606.0,0.5252702841551266,0.42834473074332424,0.0026828627858390512,0.5107585307541839,81.54748967615735,FIN
Finland,2007,6449.0,196.0,8525.0,28331.0,34780.0,0.659092222692822,0.5368815917513035,0.0037142632446173973,0.5635422656699253,81.45773433007476,FIN
Finland,2008,7035.0,249.0,9208.0,32533.0,39568.0,0.7464978669872412,0.6137741383617044,0.004697684211479555,0.6292964011322281,82.22048119692681,FIN
Finland,2009,6206.0,236.0,8612.0,29560.0,35766.0,0.6714962730323447,0.5549804236100238,0.00443083152814498,0.659844545098697,82.64832522507409,FIN
Finland,2010,6855.0,203.0,7424.0,29077.0,35932.0,0.6714470738365673,0.5433503998092472,0.003793380718825091,0.564956028052989,80.92229767338306,FIN
Finland,2011,8105.0,271.0,9065.0,32339.0,40444.0,0.7524078763583488,0.601624921213348,0.005041601584737231,0.6700623083770152,79.95994461477599,FIN
Finland,2012,9914.0,333.0,7944.0,35916.0,45830.0,0.8485046193791198,0.6649550929439333,0.006165220123352539,0.7265982980580405,78.36788130045822,FIN
Finland,2013,9807.0,368.0,8068.0,37167.0,46974.0,0.8656130808668441,0.6848946518622641,0.006781317617384056,0.7834121003108102,79.12249329416274,FIN
Finland,2014,9072.0,445.0,7860.0,37415.0,46487.0,0.8527737573079301,0.6863538221368598,0.00816323535616471,0.9572568675113472,80.4848667369372,FIN
Finland,2015,7281.0,502.0,7332.0,34514.0,41795.0,0.7638319931473515,0.6307667762049932,0.00917439072999092,1.201100610120828,82.57925589185308,FIN
Finland,2016,6694.0,517.0,7631.0,47248.0,53942.0,0.9830321170235021,0.8610415161678551,0.009421741954342639,0.9584368395684254,87.59037484705794,FIN
Finland,2017,6140.0,545.0,8062.0,40186.0,46326.0,0.8417862964691892,0.7302168136664258,0.009903154418160604,1.1764451927643225,86.74610369986617,FIN
Finland,2018,6568.0,740.0,7960.0,38067.0,44635.0,0.8096126882551291,0.6904789112536798,0.013422502280918463,1.6578917889548561,85.28509017587095,FIN
Finland,2019,6113.0,757.0,8580.0,42277.0,48390.0,0.8769610427409319,0.7661765241570238,0.013718940056930883,1.5643728042984089,87.36722463318868,FIN
Finland,2020,6364.0,949.0,9638.0,40199.0,46563.0,0.8427246921972631,0.7275452591464849,0.01717556284808115,2.0380989197431436,86.33249575843482,FIN
Finland,2021,8074.0,1526.0,8321.0,48059.0,56133.0,1.0143675413952058,0.8684639992858425,0.027576022449701316,2.7185434592842,85.61630413482266,FIN
Finland,2022,7902.0,1541.0,7528.0,76713.0,84615.0,1.5250779481280645,1.3826544304762536,0.02777456855244752,1.8211900963186196,90.66123027831945,FIN
Finland,2023,6544.0,19917.0,7123.0,125572.0,132116.0,2.3744915950301673,2.25687773298562,0.3579638279861322,15.075388295134578,95.04677707469193,FIN
France,2006,0.0,0.0,130649.0,170895.0,170895.0,0.27027674602265217,0.27027674602265217,0.0,0.0,100.0,FRA
France,2007,0.0,0.0,125746.0,168234.0,168234.0,0.2643315707195837,0.2643315707195837,0.0,0.0,100.0,FRA
France,2008,0.0,0.0,125377.0,171231.0,171231.0,0.2675183709430907,0.2675183709430907,0.0,0.0,100.0,FRA
France,2009,0.0,0.0,125268.0,171702.0,171702.0,0.2668242377268419,0.2668242377268419,0.0,0.0,100.0,FRA
France,2010,0.0,0.0,114241.0,192870.0,192870.0,0.2982886056629273,0.2982886056629273,0.0,0.0,100.0,FRA
France,2011,0.0,0.0,119654.0,200162.0,200162.0,0.30804238205919754,0.30804238205919754,0.0,0.0,100.0,FRA
France,2012,0.0,0.0,115752.0,211679.0,211679.0,0.32427816095606016,0.32427816095606016,0.0,0.0,100.0,FRA
France,2013,80299.0,0.0,120644.0,228557.0,308856.0,0.4708145612027984,0.3484082020903852,0.0,0.0,74.00115264071282,FRA
France,2014,74303.0,0.0,126345.0,223379.0,297682.0,0.4499018982262486,0.3376040073766005,0.0,0.0,75.03947165095639,FRA
France,2015,74515.0,0.0,131260.0,242721.0,317236.0,0.4773470006005132,0.3652238123439874,0.0,0.0,76.51117779823224,FRA
France,2016,71191.0,0.0,137127.0,252150.0,323341.0,0.4852172976385339,0.3783854865283287,0.0,0.0,77.98268700845237,FRA
France,2017,64489.0,0.0,127873.0,251750.0,316239.0,0.4733421208643952,0.3768158858572519,0.0,0.0,79.60751203994447,FRA
France,2018,69391.0,0.0,131713.0,264735.0,334126.0,0.49850040784037003,0.3949722723452242,0.0,0.0,79.23208609925597,FRA
France,2019,65291.0,0.0,131352.0,262940.0,328231.0,0.4877822894121219,0.3907536923021389,0.0,0.0,80.10821646949861,FRA
France,2020,52454.0,0.0,127185.0,203952.0,256406.0,0.38000907939604456,0.3022691035349488,0.0,0.0,79.54260040716676,FRA
France,2021,58641.0,0.0,106640.0,229761.0,288402.0,0.4258203126338062,0.3392379416614862,0.0,0.0,79.6669232529594,FRA
France,2022,66729.0,0.0,118647.0,312431.0,379160.0,0.5568372992521571,0.45883857538414036,0.0,0.0,82.40083342124697,FRA
France,2023,60835.0,0.0,122872.0,294741.0,355576.0,0.5207828497971724,0.4316828411705751,0.0,0.0,82.89114000944946,FRA
Germany,1998,257616.0,14121.0,196956.0,942912.0,1200528.0,,,,1.1762324577186039,78.54144176562312,DEU
Germany,1999,275510.0,15285.0,200150.0,1066385.0,1341895.0,,,,1.1390608058007519,79.46858733358422,DEU
Germany,2000,0.0,0.0,191909.0,649249.0,649249.0,,,,0.0,100.0,DEU
Germany,2001,277871.0,20307.0,193958.0,1117868.0,1395739.0,,,,1.454928177832675,80.09147842110882,DEU
Germany,2002,273176.0,20578.0,184202.0,984197.0,1257373.0,,,,1.6365867566744314,78.27406823591726,DEU
Germany,2003,268555.0,17696.0,167216.0,930517.0,1199072.0,1.4527746936271244,1.1273981458910147,0.021440164542600938,1.475807958154306,77.60309639454512,DEU
Germany,2004,303679.0,15000.0,177993.0,897105.0,1200784.0,1.4549372204035467,1.0869827172165216,0.018174841025574293,1.2491838665405268,74.7099395061893,DEU
Germany,2005,319785.0,10881.0,128051.0,837384.0,1157169.0,1.4026146567291689,1.0150004638134087,0.01318895518275212,0.9403120892453912,72.36488360818515,DEU
Germany,2006,321409.0,7514.0,103388.0,782635.0,1104044.0,1.3392416931052242,0.949362002314588,0.009114729197380407,0.6805888171123615,70.88802620185427,DEU
Germany,2007,344689.0,7551.0,106014.0,804038.0,1148727.0,1.395527317980537,0.976782989948382,0.009173308173370203,0.6573363383989408,69.99382795041817,DEU
Germany,2008,336054.0,6869.0,108331.0,815675.0,1151729.0,1.4008261978480412,0.9920900740796672,0.00835463477347379,0.5964076618718466,70.82178186014245,DEU
Germany,2009,0.0,0.0,79165.0,266104.0,266104.0,0.3245077495090507,0.3245077495090507,0.0,0.0,100.0,DEU
Germany,2010,0.0,0.0,85527.0,317193.0,317193.0,0.38775580483066624,0.38775580483066624,0.0,0.0,100.0,DEU
Germany,2011,0.0,0.0,89438.0,398913.0,398913.0,0.4972609468479775,0.4972609468479775,0.0,0.0,100.0,DEU
Germany,2012,0.0,0.0,87245.0,503610.0,503610.0,0.6269428181242134,0.6269428181242134,0.0,0.0,100.0,DEU
Germany,2013,0.0,0.0,83229.0,607473.0,607473.0,0.7544023100962044,0.7544023100962044,0.0,0.0,100.0,DEU
Germany,2014,402781.0,9768.0,89280.0,1139382.0,1542163.0,1.909386456771584,1.4106943039674282,0.012093978982600952,0.6333960806996407,73.88207342544206,DEU
Germany,2015,440125.0,11301.0,88513.0,2432515.0,2872640.0,3.5378413017626382,2.9957989981888247,0.013917909849900989,0.3934011919349448,84.67872758159741,DEU
Germany,2016,415497.0,8571.0,90879.0,1480548.0,1896045.0,2.3073066236966158,1.801686250643195,0.01043009267802383,0.45204623307991104,78.08612137370157,DEU
Germany,2017,381548.0,7712.0,90484.0,1161907.0,1543455.0,1.8703636486777597,1.4080025760026886,0.009345425981711732,0.49965823428606604,75.27961618576505,DEU
Germany,2018,360580.0,8268.0,87602.0,1106776.0,1467356.0,1.7723328088605674,1.3368094837649918,0.009986429785041374,0.5634624453779451,75.42654952172478,DEU
Germany,2019,334208.0,8884.0,87207.0,1093791.0,1427999.0,1.720082554865944,1.3175155008997737,0.010701137337931642,0.6221292872053832,76.59606204206025,DEU
Germany,2020,292353.0,8472.0,79050.0,828693.0,1121046.0,1.3479503836577114,0.9964239177379517,0.010186768116873109,0.7557227803319401,73.92140911256094,DEU
Germany,2021,283809.0,11450.0,77676.0,1105002.0,1388811.0,1.6701466926276536,1.3288456353290279,0.013769461525424721,0.8244462349448558,79.56460598310353,DEU
Germany,2022,289992.0,943800.0,75572.0,3434193.0,3724185.0,4.474187503162652,4.12579487969815,1.1338690654424821,25.34245747727355,92.21327619331477,DEU
Germany,2023,276862.0,250475.0,74360.0,2109706.0,2386568.0,2.87128373501346,2.5381906249728927,0.30134686861111704,10.495196449462156,88.39915728359719,DEU
Greece,2008,0.0,0.0,25070.0,41459.0,41459.0,0.37482357959366375,0.37482357959366375,0.0,0.0,100.0,GRC
Greece,2009,0.0,0.0,22790.0,35823.0,35823.0,0.3228825899108091,0.3228825899108091,0.0,0.0,100.0,GRC
Greece,2010,0.0,0.0,25078.0,35384.0,35384.0,0.3182217855835926,0.3182217855835926,0.0,0.0,100.0,GRC
Greece,2011,0.0,0.0,27043.0,33046.0,33046.0,0.29708563718693004,0.29708563718693004,0.0,0.0,100.0,GRC
Greece,2012,0.0,0.0,26194.0,32006.0,32006.0,0.28869590379425036,0.28869590379425036,0.0,0.0,100.0,GRC
Greece,2013,0.0,0.0,26644.0,31305.0,31305.0,0.2844974128956711,0.2844974128956711,0.0,0.0,100.0,GRC
Greece,2014,0.0,0.0,29503.0,29510.0,29510.0,0.2700697468162474,0.2700697468162474,0.0,0.0,100.0,GRC
Greece,2015,0.0,0.0,30460.0,33986.0,33986.0,0.3130037176213928,0.3130037176213928,0.0,0.0,100.0,GRC
Greece,2016,0.0,0.0,30747.0,86120.0,86120.0,0.7986091663121208,0.7986091663121208,0.0,0.0,100.0,GRC
Greece,2017,0.0,0.0,31743.0,80504.0,80504.0,0.7476091856823146,0.7476091856823146,0.0,0.0,100.0,GRC
Greece,2018,0.0,0.0,32199.0,87290.0,87290.0,0.812667899617965,0.812667899617965,0.0,0.0,100.0,GRC
Greece,2019,0.0,0.0,34074.0,95385.0,95385.0,0.8894038835391421,0.8894038835391421,0.0,0.0,100.0,GRC
Greece,2020,0.0,0.0,20864.0,63357.0,63357.0,0.5910959162910334,0.5910959162910334,0.0,0.0,100.0,GRC
Greece,2021,0.0,0.0,28392.0,28728.0,28728.0,0.2690232231993761,0.2690232231993761,0.0,0.0,100.0,GRC
Greece,2022,0.0,0.0,32592.0,64070.0,64070.0,0.6125366666341612,0.6125366666341612,0.0,0.0,100.0,GRC
Greece,2023,0.0,0.0,47155.0,71661.0,71661.0,0.6881229485512843,0.6881229485512843,0.0,0.0,100.0,GRC
Hungary,1998,8012.0,1766.0,1217.0,24113.0,32125.0,,,,5.49727626459144,75.05992217898833,HUN
Hungary,1999,10623.0,2420.0,1271.0,29615.0,40238.0,,,,6.014215418261345,73.5995824842189,HUN
Hungary,2000,12130.0,2427.0,1542.0,28179.0,40309.0,,,,6.020987868714183,69.90746483415614,HUN
Hungary,2001,13160.0,2539.0,1771.0,27424.0,40584.0,,,,6.2561600630790455,67.57342795190223,HUN
Hungary,2002,12194.0,2077.0,1883.0,23748.0,35942.0,,,,5.778754660286016,66.07311780090144,HUN
Hungary,2003,11463.0,2613.0,1962.0,27259.0,38722.0,0.3817848347357351,0.2687638244424721,0.025763229512020966,6.748101854243066,70.3966737255307,HUN
Hungary,2004,12548.0,3615.0,2134.0,31774.0,44322.0,0.43810546913225623,0.31407344380236246,0.035732847590657146,8.156220387166645,71.68900320382654,HUN
Hungary,2005,18157.0,2069.0,2238.0,33005.0,51162.0,0.5066774125087187,0.32686149876569054,0.020490120919442925,4.044017043899769,64.51076971189555,HUN
Hungary,2006,10310.0,3699.0,2163.0,36705.0,47015.0,0.4665769073855507,0.364260456994292,0.03670887972815383,7.867701797298735,78.07082845900246,HUN
Hungary,2007,9036.0,2916.0,1754.0,35929.0,44965.0,0.44669475682777876,0.35692863155932975,0.028968351182248477,6.485043923051262,79.90437006560657,HUN
Hungary,2008,17660.0,4071.0,2105.0,56784.0,74444.0,0.7410754433795127,0.565273601322635,0.04052600787166187,5.468540110687227,76.2774703132556,HUN
Hungary,2009,14049.0,1887.0,2312.0,41912.0,55961.0,0.557881960626958,0.41782578463210207,0.01881173066426743,3.371991208162828,74.89501617197692,HUN
Hungary,2010,13088.0,1619.0,1635.0,36541.0,49629.0,0.4955801310203265,0.36488733538080054,0.016166842614638792,3.262205565294485,73.62832215035564,HUN
Hungary,2011,12277.0,1280.0,5504.0,34142.0,46419.0,0.4648537181387585,0.3419081764943987,0.012818301971554986,2.757491544410694,73.55177836661711,HUN
Hungary,2012,10209.0,859.0,13362.0,32791.0,43000.0,0.4329472886676047,0.3301575475046378,0.008648877231755173,1.9976744186046513,76.25813953488372,HUN
Hungary,2013,10070.0,558.0,17718.0,51454.0,61524.0,0.621752861221293,0.5199868623834668,0.005639069250397919,0.9069631363370393,83.6324036148495,HUN
Hungary,2014,10153.0,717.0,28577.0,84809.0,94962.0,0.9640599795923278,0.8609861082248239,0.0072790274569585625,0.7550388576483225,89.30835492091573,HUN
Hungary,2015,10135.0,1143.0,32557.0,218700.0,228835.0,2.3312786309663402,2.228027341063817,0.01164442272901666,0.49948652959556017,95.57104463915049,HUN
Hungary,2016,10097.0,1202.0,29815.0,67041.0,77138.0,0.7887601726523603,0.6855151901110592,0.012290825890328204,1.5582462599497007,86.91047214083851,HUN
Hungary,2017,10673.0,6325.0,31617.0,65697.0,76370.0,0.7840977542072743,0.6745170899326345,0.06493935177898402,8.282047924577714,86.0246169962027,HUN
Hungary,2018,10641.0,16699.0,33625.0,88763.0,99404.0,1.023342912631754,0.91379609426112,0.17191263226869802,16.79912277171945,89.29519938835459,HUN
Hungary,2019,10495.0,21185.0,33284.0,100695.0,111190.0,1.1462565173430188,1.0380636749155074,0.21839593776339467,19.052972389603383,90.5612015469017,HUN
Hungary,2020,17103.0,8907.0,31685.0,70521.0,87624.0,0.9043306813565704,0.727817766593019,0.09192542429976915,10.165023281292797,80.48137496576281,HUN
Hungary,2021,12988.0,15423.0,31402.0,85176.0,98164.0,1.017089537014137,0.8825192372429418,0.15979964069688515,15.711462450592887,86.7690803145756,HUN
Hungary,2022,11154.0,14941.0,38634.0,99946.0,111100.0,1.1560389298971125,1.039977199707442,0.1554669455588907,13.448244824482448,89.96039603960396,HUN
Hungary,2023,7308.0,4273.0,34845.0,115516.0,122824.0,1.279450785354276,1.2033237553001415,0.044511603642763804,3.4789617664300136,94.05002279684751,HUN
Iceland,1998,1023.0,9.0,2788.0,2598.0,3621.0,,,,0.24855012427506215,71.74813587406794,ISL
Iceland,1999,962.0,17.0,2867.0,2989.0,3951.0,,,,0.4302708175145533,75.6517337382941,ISL
Iceland,2000,1332.0,33.0,2741.0,3869.0,5201.0,,,,0.6344933666602577,74.38954047298596,ISL
Iceland,2001,576.0,22.0,2487.0,3553.0,4129.0,,,,0.5328166626301768,86.04989101477355,ISL
Iceland,2002,1026.0,17.0,2360.0,2687.0,3713.0,,,,0.4578507945057905,72.3673579315917,ISL
Iceland,2007,8096.0,30.0,3228.0,10609.0,18705.0,6.079526248732416,3.4481525780701525,0.009750643542473804,0.16038492381716118,56.71745522587543,ISL
Iceland,2008,0.0,0.0,2817.0,7471.0,7471.0,2.36829508747571,2.36829508747571,0.0,0.0,100.0,ISL
Iceland,2009,1930.0,14.0,1413.0,3106.0,5036.0,1.5768643070063375,0.9725457779113749,0.00438365772400491,0.2779984114376489,61.67593328038126,ISL
Iceland,2010,1593.0,13.0,1678.0,2981.0,4574.0,1.440040298460473,0.9385133646066178,0.004092812391776595,0.28421512898994317,65.17271534761696,ISL
Iceland,2011,1482.0,22.0,1868.0,2959.0,4441.0,1.394558677602904,0.9291824199565398,0.006908419479230779,0.4953839225399685,66.62913758162577,ISL
Iceland,2012,1736.0,34.0,2310.0,3613.0,5349.0,1.6737854963623562,1.1305640303528124,0.010639130094656966,0.6356328285660872,67.54533557674331,ISL
Iceland,2013,2649.0,21.0,2802.0,4603.0,7252.0,2.253174546460074,1.430138229089316,0.006524636717548477,0.28957528957528955,63.47214561500276,ISL
Iceland,2014,2747.0,16.0,1921.0,4163.0,6910.0,2.121773200561303,1.2782839122918528,0.004912933604772915,0.23154848046309695,60.24602026049204,ISL
Iceland,2015,2962.0,33.0,1779.0,4789.0,7751.0,2.3552111820115464,1.4551807961106047,0.010027347310847767,0.4257515159334279,61.78557605470262,ISL
Iceland,2016,5125.0,33.0,2282.0,7753.0,12878.0,3.8727449335245945,2.3315259721708483,0.00992394648286315,0.2562509706476161,60.20344774033235,ISL
Iceland,2017,8197.0,31.0,2461.0,11162.0,19359.0,5.721606979775321,3.2989605407434333,0.009162137319749726,0.16013223823544603,57.657936876904806,ISL
Iceland,2018,8011.0,37.0,2133.0,11418.0,19429.0,5.57583584445401,3.2767972449418856,0.010618453149662792,0.1904369756549488,58.767821298059594,ISL
Iceland,2019,6259.0,33.0,1842.0,9826.0,16085.0,4.505715830371074,2.75245034188537,0.009243930519256788,0.20516008703761268,61.08797015853279,ISL
Iceland,2020,4602.0,30.0,2075.0,8337.0,12939.0,3.553362223796734,2.289541762098568,0.008238725304420899,0.2318571759795966,64.43310920472989,ISL
Iceland,2021,5262.0,38.0,1989.0,8766.0,14028.0,3.8037701468578495,2.3769496084513766,0.010303911147747239,0.2708867978329056,62.48930710008555,ISL
Iceland,2022,8335.0,2185.0,1611.0,18221.0,26556.0,7.05811060789692,4.84281644022028,0.5807339839680211,8.227895767434855,68.613496008435,ISL
Iceland,2023,6086.0,1154.0,1752.0,12891.0,18977.0,4.894031844604109,3.324496206396773,0.29760830208532124,6.08104547610265,67.92959898824893,ISL
Ireland,1998,0.0,0.0,26100.0,22075.0,22075.0,,,,0.0,100.0,IRL
Ireland,1999,0.0,0.0,25275.0,26400.0,26400.0,,,,0.0,100.0,IRL
Ireland,2000,0.0,0.0,25925.0,31475.0,31475.0,,,,0.0,100.0,IRL
Ireland,2001,0.0,0.0,26825.0,38100.0,38100.0,,,,0.0,100.0,IRL
Ireland,2002,0.0,0.0,19950.0,41775.0,41775.0,,,,0.0,100.0,IRL
Ireland,2003,0.0,0.0,16850.0,42025.0,42025.0,1.0601154182530559,1.0601154182530559,0.0,0.0,100.0,IRL
Ireland,2004,0.0,0.0,18025.0,60050.0,60050.0,1.4904994004494085,1.4904994004494085,0.0,0.0,100.0,IRL
Ireland,2005,0.0,0.0,14175.0,87825.0,87825.0,2.1359923651497494,2.1359923651497494,0.0,0.0,100.0,IRL
Ireland,2006,85946.0,214.0,29622.0,136170.0,222116.0,5.2782263775392355,3.2358591268954857,0.00508536280499107,0.09634605341353167,61.30580417439536,IRL
Ireland,2007,71871.0,217.0,24946.0,125254.0,197125.0,4.541927201057667,2.885958400209395,0.004999864058995631,0.11008243500317057,63.54039315155359,IRL
Ireland,2008,40252.0,143.0,22050.0,82244.0,122496.0,2.747924127898173,1.8449604229922394,0.003207885565973083,0.11673850574712645,67.14015151515152,IRL
Ireland,2009,20754.0,56.0,18262.0,44465.0,65219.0,1.4424763376729195,0.9834513003055301,0.001238575797078819,0.08586454867446604,68.17798494303807,IRL
Ireland,2010,17499.0,88.0,19697.0,48521.0,66020.0,1.4511714439705388,1.066529682412822,0.0019343091043533384,0.13329294153286883,73.49439563768556,IRL
Ireland,2011,0.0,0.0,20052.0,36500.0,36500.0,0.7985331492987894,0.7985331492987894,0.0,0.0,100.0,IRL
Ireland,2012,0.0,0.0,21273.0,39258.0,39258.0,0.8554269977013859,0.8554269977013859,0.0,0.0,100.0,IRL
Ireland,2013,0.0,0.0,22567.0,42192.0,42192.0,0.9152716431742173,0.9152716431742173,0.0,0.0,100.0,IRL
Ireland,2014,0.0,0.0,25621.0,47080.0,47080.0,1.0151251053289325,1.0151251053289325,0.0,0.0,100.0,IRL
Ireland,2015,0.0,0.0,27931.0,51914.0,51914.0,1.1098362481660038,1.1098362481660038,0.0,0.0,100.0,IRL
Ireland,2016,0.0,0.0,29121.0,64199.0,64199.0,1.358339296436991,1.358339296436991,0.0,0.0,100.0,IRL
Ireland,2017,0.0,0.0,28709.0,55986.0,55986.0,1.1665798805915288,1.1665798805915288,0.0,0.0,100.0,IRL
Ireland,2018,0.0,0.0,34777.0,70862.0,70862.0,1.4593471263761826,1.4593471263761826,0.0,0.0,100.0,IRL
Ireland,2019,0.0,0.0,29267.0,66990.0,66990.0,1.3559875076690515,1.3559875076690515,0.0,0.0,100.0,IRL
Ireland,2020,0.0,0.0,35990.0,45896.0,45896.0,0.9156126561066115,0.9156126561066115,0.0,0.0,100.0,IRL
Ireland,2021,0.0,0.0,28809.0,54912.0,54912.0,1.0837410618301986,1.0837410618301986,0.0,0.0,100.0,IRL
Ireland,2022,0.0,0.0,27527.0,129713.0,129713.0,2.5166090219831028,2.5166090219831028,0.0,0.0,100.0,IRL
Ireland,2023,0.0,0.0,28785.0,106575.0,106575.0,2.0217608431923617,2.0217608431923617,0.0,0.0,100.0,IRL
Italy,2008,211470.0,24039.0,38163.0,788161.0,999631.0,1.6942390320534289,1.3358260495545482,0.040742846201780834,2.404787366538253,78.84519387654045,ITA
Italy,2009,134874.0,22594.0,36215.0,684873.0,819747.0,1.3795672045811997,1.1525852855858454,0.038023855433819975,2.75621624720798,83.54687482845317,ITA
Italy,2010,117773.0,30416.0,34357.0,736873.0,854646.0,1.4318000930000103,1.23449338080234,0.05095633938342695,3.5589004102283286,86.21967457871446,ITA
Italy,2011,112776.0,17889.0,31466.0,600816.0,713592.0,1.1903417695359402,1.0022202891925716,0.02984061468630314,2.5068946961288803,84.19601116604446,ITA
Italy,2012,102967.0,11510.0,29467.0,544692.0,647659.0,1.0775426446154355,0.9062313010100542,0.019149762204375545,1.7771697760704321,84.10166461054351,ITA
Italy,2013,76248.0,12814.0,28433.0,486257.0,562505.0,0.9331952758541361,0.8066999142247707,0.021258414173731612,2.278024195340486,86.44492048959565,ITA
Italy,2014,66742.0,9665.0,29271.0,433903.0,500645.0,0.8296253083700758,0.7190262764587702,0.016015996575211543,1.9305096425610961,86.6687972515455,ITA
Italy,2015,62010.0,9337.0,30052.0,441406.0,503416.0,0.8349147532526351,0.7320712523523938,0.015485401836890076,1.854728494922688,87.68215551353155,ITA
Italy,2016,60981.0,8740.0,37894.0,468474.0,529455.0,0.8800238256575659,0.7786653855400412,0.014527029183305711,1.650754077305909,88.48230727823895,ITA
Italy,2017,59132.0,7864.0,42369.0,547082.0,606214.0,1.0092341627896733,0.9107903219775525,0.013092105190869873,1.297231670664155,90.24568881616062,ITA
Italy,2018,55308.0,7689.0,46824.0,520167.0,575475.0,0.9601208213138531,0.8678451144886624,0.012828305304456696,1.3361136452495763,90.38915678352664,ITA
Italy,2019,55211.0,6593.0,68207.0,478641.0,533852.0,0.8924802621503205,0.8001799097051084,0.011022010535423794,1.234986475652428,89.65799509976547,ITA
Italy,2020,42609.0,5154.0,55760.0,343783.0,386392.0,0.6478577462721923,0.5764158667536933,0.008641635500442241,1.3338785482101079,88.97259777635148,ITA
Italy,2021,44442.0,8692.0,74759.0,446239.0,490681.0,0.8283463360495378,0.7533212833845404,0.014673456589805968,1.7714156447875502,90.94279175268657,ITA
Italy,2022,49437.0,29938.0,74490.0,627734.0,677171.0,1.1471615691599406,1.063412816637225,0.05071647051854008,4.421039885051191,92.69948063339983,ITA
Italy,2023,45577.0,33897.0,61286.0,716447.0,762024.0,1.2916273773733773,1.2143745599049691,0.05745526808975226,4.448285093382886,94.01895478357638,ITA
Kyrgyzstan,2006,2.0,7.0,2903.0,496.0,498.0,,,,1.4056224899598393,99.59839357429718,KGZ
Kyrgyzstan,2007,3.0,5.0,3482.0,464.0,467.0,,,,1.070663811563169,99.3576017130621,KGZ
Latvia,1998,115.0,123.0,1248.0,2932.0,3047.0,,,,4.0367574663603545,96.22579586478504,LVA
Latvia,2011,0.0,0.0,7373.0,2861.0,2861.0,0.13790577001405085,0.13790577001405085,0.0,0.0,100.0,LVA
Latvia,2012,0.0,0.0,9637.0,3666.0,3666.0,0.17928289775153033,0.17928289775153033,0.0,0.0,100.0,LVA
Latvia,2013,0.0,0.0,4774.0,3535.0,3535.0,0.17466925252924537,0.17466925252924537,0.0,0.0,100.0,LVA
Latvia,2014,851.0,547.0,5864.0,8046.0,8897.0,0.444523719589821,0.4020049283825672,0.02732993982416906,6.148139822412049,90.43497808249971,LVA
Latvia,2015,0.0,0.0,4974.0,4482.0,4482.0,0.2256688498441163,0.2256688498441163,0.0,0.0,100.0,LVA
Latvia,2016,0.0,0.0,4897.0,3428.0,3428.0,0.17410232930429664,0.17410232930429664,0.0,0.0,100.0,LVA
Latvia,2017,692.0,873.0,4780.0,9581.0,10273.0,0.5267891756182709,0.49130410703773525,0.044766567732381045,8.498004477757227,93.2638956487881,LVA
Latvia,2018,615.0,1421.0,4346.0,12469.0,13084.0,0.6763927854882626,0.6445996363690879,0.07346026812739385,10.86059309079792,95.29960256802201,LVA
Latvia,2019,662.0,1556.0,4578.0,12570.0,13232.0,0.6891781529692161,0.6546984116401939,0.08104301738362306,11.759371221281741,94.99697702539298,LVA
Latvia,2020,501.0,1129.0,4250.0,8610.0,9111.0,0.47759707497346243,0.4513347399321163,0.05918198854626706,12.391614531884535,94.5011524530787,LVA
Latvia,2021,695.0,1507.0,6210.0,12102.0,12797.0,0.675937277330774,0.6392273915962355,0.07959970906755305,11.776197546299914,94.56903961866063,LVA
Latvia,2022,602.0,24293.0,8030.0,60495.0,61097.0,3.257191629832649,3.225097920466244,1.2951037900964784,39.76136307838355,99.01468157192662,LVA
Latvia,2023,722.0,4782.0,7190.0,22227.0,22949.0,1.218741502956971,1.1803985962884915,0.2539553735300115,20.83750925966273,96.85389341583512,LVA
Liechtenstein,2008,244.0,1.0,161.0,597.0,841.0,2.3786627446543727,1.6885394275370516,0.0028283742504808234,0.11890606420927466,70.98692033293698,LIE
Liechtenstein,2009,204.0,2.0,168.0,628.0,832.0,2.337801005928798,1.7645901823597179,0.005619713956559611,0.2403846153846154,75.48076923076923,LIE
Liechtenstein,2010,234.0,7.0,160.0,634.0,868.0,2.4182314592968184,1.766311918426478,0.019501866607232406,0.8064516129032258,73.04147465437788,LIE
Liechtenstein,2011,285.0,10.0,162.0,698.0,983.0,2.7193006722177655,1.930897120252289,0.027663282525104426,1.017293997965412,71.00712105798576,LIE
Liechtenstein,2012,249.0,6.0,171.0,758.0,1007.0,2.7607950651130913,2.078135709389993,0.016449623029472244,0.5958291956305859,75.2730883813307,LIE
Liechtenstein,2013,319.0,6.0,165.0,747.0,1066.0,2.893751017970574,2.0277973831369778,0.016287529181823118,0.5628517823639775,70.0750469043152,LIE
Liechtenstein,2014,244.0,8.0,164.0,664.0,908.0,2.4455277545853646,1.7883595033531743,0.021546500040399687,0.881057268722467,73.12775330396477,LIE
Liechtenstein,2015,271.0,9.0,163.0,724.0,995.0,2.6628485789220147,1.9375903227533051,0.024086067548038322,0.9045226130653266,72.76381909547739,LIE
Liechtenstein,2016,227.0,6.0,177.0,638.0,865.0,2.299186646111318,1.6958162777098507,0.015948115464355962,0.6936416184971098,73.757225433526,LIE
Liechtenstein,2017,244.0,20.0,167.0,718.0,962.0,2.5443004496165034,1.89896852684475,0.052896059243586355,2.079002079002079,74.63617463617463,LIE
Liechtenstein,2018,231.0,12.0,171.0,729.0,960.0,2.518759510940862,1.9126830036207167,0.031484493886760764,1.25,75.9375,LIE
Liechtenstein,2019,275.0,4.0,171.0,842.0,1117.0,2.9105216530303823,2.193965292615561,0.010422637969670124,0.35810205908683973,75.38048343777976,LIE
Liechtenstein,2020,279.0,15.0,176.0,799.0,1078.0,2.7821508761968667,2.0620951299455443,0.03871267452964101,1.391465677179963,74.11873840445269,LIE
Liechtenstein,2021,244.0,8.0,167.0,767.0,1011.0,2.5886570221482526,1.9638970682371015,0.020483932915119702,0.791295746785361,75.86547972304649,LIE
Liechtenstein,2022,0.0,0.0,199.0,569.0,569.0,1.4475424849903327,1.4475424849903327,0.0,0.0,100.0,LIE
Liechtenstein,2023,0.0,0.0,163.0,552.0,552.0,1.391234216296595,1.391234216296595,0.0,0.0,100.0,LIE
Lithuania,1998,43.0,200.0,1178.0,5137.0,5180.0,,,,3.861003861003861,99.16988416988417,LTU
Lithuania,1999,81.0,212.0,1035.0,5286.0,5367.0,,,,3.9500652133407863,98.49077697037451,LTU
Lithuania,2000,50.0,82.0,841.0,2564.0,2614.0,,,,3.1369548584544757,98.08722264728385,LTU
Lithuania,2001,599.0,516.0,714.0,10438.0,11037.0,,,,4.675183473770046,94.57280057986772,LTU
Lithuania,2002,629.0,614.0,809.0,7960.0,8589.0,,,,7.148678542321574,92.6766794737455,LTU
Lithuania,2003,537.0,397.0,1313.0,6284.0,6821.0,0.19877621924192268,0.18312707252840377,0.011569294683923663,5.820260958803694,92.12725406831844,LTU
Lithuania,2004,563.0,246.0,3397.0,3754.0,4317.0,0.12701059657321467,0.11044655537082416,0.007237573953442393,5.698401667824879,86.95853602038453,LTU
Lithuania,2005,443.0,251.0,4705.0,3729.0,4172.0,0.12434356018383295,0.11114025309815749,0.007480880538384964,6.0162991371045065,89.38159156279961,LTU
Lithuania,2006,376.0,294.0,5508.0,4100.0,4476.0,0.13605545566874933,0.1246263110459947,0.008936618401834741,6.568364611260054,91.59964253798034,LTU
Lithuania,2007,303.0,422.0,6141.0,4638.0,4941.0,0.15203156447279878,0.14270843878260286,0.012984683304497285,8.540781218376846,93.86763812993321,LTU
Lithuania,2008,368.0,508.0,6337.0,5554.0,5922.0,0.1843363874488149,0.1728815089312256,0.015812712736237414,8.578183046268153,93.78588314758528,LTU
Lithuania,2009,246.0,209.0,4821.0,3103.0,3349.0,0.10518691800131665,0.09746043790925218,0.006564367232688916,6.240668856375038,92.65452373842939,LTU
Lithuania,2010,144.0,145.0,4153.0,1975.0,2119.0,0.06744163545488571,0.06285853233761174,0.00461493022225504,6.842850401132609,93.20434167059935,LTU
Lithuania,2011,479.0,181.0,14012.0,2873.0,3352.0,0.10980846416221253,0.09411686084070305,0.005929394992052645,5.399761336515513,85.71002386634845,LTU
Lithuania,2012,626.0,503.0,26092.0,4783.0,5409.0,0.18008144115758173,0.1592400689696272,0.016746342189362842,9.299315954889998,88.42669624699575,LTU
Lithuania,2013,599.0,746.0,27289.0,6670.0,7269.0,0.2443659512068195,0.22422904038375105,0.02507869027380484,10.262759664327968,91.75952675746319,LTU
Lithuania,2014,737.0,1771.0,27125.0,12101.0,12838.0,0.435502068957095,0.4105008986173708,0.060077439174561084,13.794983642311887,94.25923040972114,LTU
Lithuania,2015,895.0,2181.0,24079.0,13113.0,14008.0,0.4786369643865123,0.4480558619360605,0.07452221725635233,15.56967447173044,93.61079383209594,LTU
Lithuania,2016,779.0,2591.0,23410.0,15187.0,15966.0,0.5513934547669839,0.5244903167697723,0.08948142561075131,16.22823499937367,95.12088187398221,LTU
Lithuania,2017,699.0,4628.0,22093.0,21720.0,22419.0,0.7841341803666009,0.7596857307445725,0.16187042181795033,20.643204424818233,96.882108925465,LTU
Lithuania,2018,707.0,6142.0,23854.0,26422.0,27129.0,0.9599108343358573,0.934894911895832,0.21732361474771777,22.63997935788271,97.39393269195325,LTU
Lithuania,2019,779.0,8976.0,26725.0,38812.0,39591.0,1.4078301685513122,1.380129436028732,0.319180712609345,22.671819352883233,98.03238109671389,LTU
Lithuania,2020,918.0,9419.0,24529.0,42050.0,42968.0,1.529122836236738,1.4964535296908124,0.3351984731547625,21.92096443865202,97.86352634518711,LTU
Lithuania,2021,941.0,6306.0,23712.0,41395.0,42336.0,1.5062113071869148,1.472732829294273,0.22435205270031852,14.895124716553287,97.77730536659108,LTU
Lithuania,2022,430.0,43905.0,20689.0,132804.0,133234.0,4.748185850453208,4.732861534470089,1.5646839377647455,32.95330020865545,99.67725955837099,LTU
Lithuania,2023,797.0,10145.0,17549.0,97400.0,98197.0,3.436731239756426,3.408837568889842,0.35505808148241735,10.331272849476052,99.18836624336792,LTU
Luxembourg,1998,7829.0,36.0,1025.0,13278.0,21107.0,,,,0.17055953001373952,62.90803998673425,LUX
Luxembourg,1999,8122.0,68.0,1018.0,15632.0,23754.0,,,,0.28626757598720215,65.80786393870505,LUX
Luxembourg,2000,8361.0,122.0,973.0,13447.0,21808.0,,,,0.5594277329420396,61.66085840058694,LUX
Luxembourg,2001,8437.0,125.0,1080.0,14001.0,22438.0,,,,0.5570906497905339,62.39860950173812,LUX
Luxembourg,2002,8148.0,155.0,1113.0,13647.0,21795.0,,,,0.7111722872218399,62.61527873365451,LUX
Luxembourg,2003,9404.0,178.0,604.0,15592.0,24996.0,5.575730537586438,3.478028106178898,0.03970555431630604,0.7121139382301168,62.3779804768763,LUX
Luxembourg,2004,9487.0,61.0,627.0,14903.0,24390.0,5.360910849305434,3.2756725866010203,0.01340777211183401,0.25010250102501025,61.102911029110295,LUX
Luxembourg,2005,10956.0,57.0,638.0,16442.0,27398.0,5.940203369251783,3.5648158185720793,0.012358259436723543,0.20804438280166435,60.01167968464851,LUX
Luxembourg,2006,11126.0,38.0,621.0,16004.0,27130.0,5.783587657700294,3.411741130624235,0.008100859970239998,0.14006634721710284,58.99004791743457,LUX
Luxembourg,2007,12464.0,44.0,909.0,19012.0,31476.0,6.610008253060247,3.9925491456087627,0.009240067452492402,0.13978904562206124,60.40157580378701,LUX
Luxembourg,2008,13423.0,45.0,957.0,20078.0,33501.0,6.924569914365264,4.150070587165331,0.009301383425761525,0.13432434852690964,59.932539327184266,LUX
Luxembourg,2009,11494.0,46.0,1116.0,17781.0,29275.0,5.932117527862209,3.6030395136778117,0.009321175278622088,0.15713065755764305,60.73783091374894,LUX
Luxembourg,2010,12213.0,42.0,1148.0,19363.0,31576.0,6.289212971999697,3.856664263264192,0.00836543402660208,0.13301241449201925,61.32189004307068,LUX
Luxembourg,2011,14564.0,62.0,1160.0,23608.0,38172.0,7.457799312285089,4.612378868396374,0.012113160362613317,0.1624227182227811,61.846379545216394,LUX
Luxembourg,2012,15201.0,49.0,1039.0,23628.0,38829.0,7.3980714600088024,4.501831941515053,0.009335947398604943,0.12619433928249504,60.85142548095496,LUX
Luxembourg,2013,15033.0,57.0,1301.0,24504.0,39537.0,7.362035159457693,4.562797115293303,0.010613754308346322,0.14416875331967524,61.977388269216185,LUX
Luxembourg,2014,16044.0,120.0,1308.0,26022.0,42066.0,7.652816183961578,4.734027070295445,0.021830883423082523,0.2852660105548424,61.85993438881757,LUX
Luxembourg,2015,15967.0,143.0,1195.0,29226.0,45193.0,8.027774718540282,5.191506293542324,0.025401539724100197,0.31642068461929945,64.66930719359193,LUX
Luxembourg,2016,15505.0,142.0,1331.0,27657.0,43162.0,7.49016484193465,4.799487721453747,0.024642125192408146,0.32899309577869423,64.07719753486863,LUX
Luxembourg,2017,16108.0,180.0,1199.0,30256.0,46364.0,7.84943123621262,5.122344739083105,0.030474023434524024,0.38823224915883014,65.25752739194203,LUX
Luxembourg,2018,15851.0,153.0,1291.0,30811.0,46662.0,7.751098412803881,5.118063803456782,0.02541507130339449,0.3278899318503279,66.03017444601603,LUX
Luxembourg,2019,16413.0,161.0,1518.0,33801.0,50214.0,8.179588007050077,5.50599940706376,0.026226025991457808,0.32062771338670487,67.31389652288206,LUX
Luxembourg,2020,14273.0,128.0,1520.0,27631.0,41904.0,6.692775048394206,4.413136391804609,0.02044375730704607,0.30546009927453227,65.93881252386407,LUX
Luxembourg,2021,15708.0,159.0,1577.0,31767.0,47475.0,7.479558237360767,5.004805192759125,0.02505002126888598,0.334913112164297,66.91311216429699,LUX
Luxembourg,2022,14919.0,4268.0,1582.0,44753.0,59672.0,9.245782053526744,6.934181596753626,0.6612983946315214,7.152433302051213,74.99832417214104,LUX
Luxembourg,2023,14397.0,807.0,1820.0,35860.0,50257.0,7.605374624134961,5.42668153732773,0.12212303403857999,1.6057464631792588,71.35324432417374,LUX
Malta,2008,0.0,0.0,1332.0,4711.0,4711.0,1.1551325055414974,1.1551325055414974,0.0,0.0,100.0,MLT
Malta,2009,0.0,0.0,1265.0,4896.0,4896.0,1.1914553958620286,1.1914553958620286,0.0,0.0,100.0,MLT
Malta,2010,0.0,0.0,888.0,3387.0,3387.0,0.8180625901209342,0.8180625901209342,0.0,0.0,100.0,MLT
Malta,2011,0.0,0.0,1645.0,3820.0,3820.0,0.9205063266737191,0.9205063266737191,0.0,0.0,100.0,MLT
Malta,2012,0.0,0.0,2004.0,7148.0,7148.0,1.7119071910639785,1.7119071910639785,0.0,0.0,100.0,MLT
Malta,2013,0.0,0.0,2060.0,10386.0,10386.0,2.4642674107397076,2.4642674107397076,0.0,0.0,100.0,MLT
Malta,2014,0.0,0.0,2076.0,13852.0,13852.0,3.235269387793234,3.235269387793234,0.0,0.0,100.0,MLT
Malta,2015,0.0,0.0,1893.0,16309.0,16309.0,3.716685087909208,3.716685087909208,0.0,0.0,100.0,MLT
Malta,2016,0.0,0.0,1654.0,16462.0,16462.0,3.661191855616222,3.661191855616222,0.0,0.0,100.0,MLT
Malta,2017,0.0,0.0,1781.0,20969.0,20969.0,4.564680272108843,4.564680272108843,0.0,0.0,100.0,MLT
Malta,2018,0.0,0.0,1904.0,25490.0,25490.0,5.368157915242494,5.368157915242494,0.0,0.0,100.0,MLT
Malta,2019,0.0,0.0,1981.0,27323.0,27323.0,5.542550429236786,5.542550429236786,0.0,0.0,100.0,MLT
Malta,2020,0.0,0.0,1644.0,13107.0,13107.0,2.5457653125637316,2.5457653125637316,0.0,0.0,100.0,MLT
Malta,2021,0.0,0.0,1411.0,15552.0,15552.0,3.0132235408089123,3.0132235408089123,0.0,0.0,100.0,MLT
Malta,2022,0.0,0.0,1819.0,33145.0,33145.0,6.371906323653239,6.371906323653239,0.0,0.0,100.0,MLT
Malta,2023,0.0,0.0,2256.0,39983.0,39983.0,7.376243194828532,7.376243194828532,0.0,0.0,100.0,MLT
Moldova,2014,6050.0,22625.0,57076.0,77247.0,83297.0,2.3413594540641336,2.171302612916337,0.6359563687551895,27.161842563357624,92.73683325930105,MDA
Moldova,2015,12651.0,20600.0,51319.0,96357.0,109008.0,3.0661919762238483,2.710342912933008,0.5794396256257456,18.897695581975636,88.39442976662262,MDA
Moldova,2016,23049.0,23590.0,40444.0,110603.0,133652.0,4.695595411208902,3.885814946771752,0.8287874162034088,17.65031574536857,82.75446682428995,MDA
Moldova,2017,25693.0,20755.0,38127.0,113162.0,138855.0,4.914128823751747,4.004844232857263,0.7345269794891613,14.947247128299304,81.49652515213712,MDA
Moldova,2018,36078.0,19022.0,37619.0,122116.0,158194.0,5.68890915524766,4.391486594954444,0.6840615317339532,12.024476275964954,77.19382530310884,MDA
Moldova,2019,27347.0,19205.0,43400.0,118202.0,145549.0,5.332180065166246,4.330324138694052,0.7035741788093203,13.194869081889948,81.21113851692557,MDA
Moldova,2020,7071.0,4077.0,45922.0,31403.0,38474.0,1.433045338673079,1.1696710186190857,0.1518564704935838,10.596766647606175,81.62135468108332,MDA
Moldova,2021,10091.0,5323.0,35647.0,55313.0,65404.0,2.473980349324331,2.0922768494614505,0.2013485016123389,8.13864595437588,84.571280044034,MDA
Moldova,2022,16848.0,116869.0,29804.0,279233.0,296081.0,11.542983902722385,10.88614947973318,4.556243006904403,39.47196881934335,94.30966526051992,MDA
Montenegro,2010,387.0,107.0,1110.0,8662.0,9049.0,1.4618716286403415,1.3993515357810409,0.01728591714714516,1.1824510995690132,95.72328434081115,MNE
Montenegro,2011,357.0,98.0,723.0,10128.0,10485.0,1.691538275389207,1.6339436960554974,0.015810276679841896,0.9346685741535526,96.59513590844064,MNE
Montenegro,2012,267.0,102.0,556.0,9975.0,10242.0,1.65111525242299,1.6080721190118459,0.01644344422448203,0.9958992384299941,97.39308728763913,MNE
Montenegro,2013,246.0,100.0,576.0,8779.0,9025.0,1.4535515781302093,1.413931224864832,0.01610583466072254,1.10803324099723,97.27423822714681,MNE
Montenegro,2014,255.0,227.0,540.0,9316.0,9571.0,1.539931876799014,1.498903496422486,0.03652330331557582,2.3717479887159127,97.33570159857904,MNE
Montenegro,2015,199.0,325.0,447.0,7996.0,8195.0,1.3173144467359696,1.285325969017793,0.0522424887357157,3.9658328248932277,97.57169005491153,MNE
Montenegro,2016,250.0,275.0,476.0,8576.0,8826.0,1.418473911072968,1.3782950670022405,0.04419672847780039,3.1157942442782685,97.16745977792884,MNE
Montenegro,2017,309.0,212.0,622.0,11788.0,12097.0,1.9436459951766345,1.8939984286304181,0.03406240811585075,1.7525006199884268,97.44564768124329,MNE
Montenegro,2018,302.0,282.0,549.0,15876.0,16178.0,2.5994642963305745,2.55093924889011,0.04531146813977142,1.7431079243416987,98.13326740017307,MNE
Montenegro,2019,367.0,366.0,494.0,20102.0,20469.0,3.2898733811007066,3.2308874252228446,0.058825231202445594,1.7880697640334164,98.20704479945283,MNE
Montenegro,2020,217.0,275.0,259.0,11260.0,11477.0,1.8455536741424698,1.8106590895568708,0.04422124774672642,2.396096540907903,98.1092620022654,MNE
Montenegro,2022,0.0,0.0,567.0,15391.0,15391.0,2.4917311954513885,2.4917311954513885,0.0,0.0,100.0,MNE
Montenegro,2023,0.0,0.0,1132.0,17166.0,17166.0,2.783547782939703,2.783547782939703,0.0,0.0,100.0,MNE
Netherlands,1998,18728.0,382.0,40706.0,111091.0,129819.0,,,,0.2942558485275653,85.57376038946533,NLD
Netherlands,1999,18097.0,363.0,40786.0,99804.0,117901.0,,,,0.3078854293008541,84.65068150397367,NLD
Netherlands,2000,19720.0,428.0,41467.0,107298.0,127018.0,,,,0.3369601158890866,84.47464138940937,NLD
Netherlands,2001,20536.0,537.0,38897.0,112856.0,133392.0,,,,0.40257286793810726,84.60477389948423,NLD
Netherlands,2002,20217.0,566.0,34631.0,111481.0,131698.0,,,,0.42977114306975045,84.6489696122948,NLD
Netherlands,2003,18957.0,514.0,30948.0,108297.0,127254.0,0.785878858528466,0.6688066602390281,0.003174294979204045,0.40391657629622646,85.10302230185299,NLD
Netherlands,2004,22890.0,434.0,28898.0,96621.0,119511.0,0.7350889701779404,0.5942970219273771,0.002669449783344011,0.36314648860774323,80.84695132665613,NLD
Netherlands,2005,24420.0,411.0,28882.0,93910.0,118330.0,0.7257048929301637,0.5759397151615961,0.0025206178567928443,0.34733372771063975,79.36279895208315,NLD
Netherlands,2006,28429.0,350.0,33493.0,99602.0,128031.0,0.7838211949032123,0.609775434502189,0.0021427421344527835,0.2733712928900032,77.79522146980028,NLD
Netherlands,2007,39307.0,371.0,36561.0,110801.0,150108.0,0.917643192391829,0.6773508631132721,0.002268004532585662,0.24715538145868307,73.81418711860793,NLD
Netherlands,2008,50792.0,451.0,40160.0,139333.0,190125.0,1.1589172564471002,0.8493118637346155,0.002749094977817973,0.23721236028928336,73.28494411571334,NLD
Netherlands,2009,38850.0,405.0,36992.0,112760.0,151610.0,0.9196406577374802,0.6839831183066966,0.002456661607965698,0.2671327748829233,74.37504122419365,NLD
Netherlands,2010,42979.0,394.0,38019.0,116130.0,159109.0,0.9599342720529105,0.7006339491386692,0.0023770754840319952,0.24762898390411603,72.98770025579948,NLD
Netherlands,2011,47140.0,498.0,37762.0,123088.0,170228.0,1.022034427768971,0.7390098787815583,0.0029899496265534905,0.2925488168808892,72.30772845830298,NLD
Netherlands,2012,47644.0,525.0,36377.0,119294.0,166938.0,0.997815466839064,0.7130395614006355,0.0031380100401976097,0.31448801351399924,71.46006301740766,NLD
Netherlands,2013,48222.0,619.0,36319.0,138872.0,187094.0,1.1150103623005947,0.8276252527254117,0.0036890088098178887,0.3308497332891488,74.22579024447604,NLD
Netherlands,2014,54278.0,774.0,37448.0,162657.0,216935.0,1.2890324719006252,0.966511419466384,0.004599124775859515,0.35678889990089196,74.97960218498628,NLD
Netherlands,2015,55498.0,1003.0,39203.0,198034.0,253532.0,1.5001249058768245,1.1717484799173716,0.005934656298196894,0.3956108104696843,78.11006105738132,NLD
Netherlands,2016,58855.0,933.0,42522.0,232056.0,290911.0,1.7133455679681868,1.366713940416229,0.005494984427932661,0.3207166452970152,79.76872651773222,NLD
Netherlands,2017,67046.0,998.0,44644.0,221673.0,288719.0,1.6902431383835161,1.2977367863385825,0.0058425758336193645,0.34566481596292586,76.77811297489947,NLD
Netherlands,2018,73456.0,1143.0,46632.0,221204.0,294660.0,1.7150256642712418,1.2874857022991097,0.00665266522182186,0.3879047037263287,75.07092920654314,NLD
Netherlands,2019,82630.0,1276.0,48536.0,249835.0,332465.0,1.9237464662264787,1.4456234442413256,0.007383335060547687,0.38379979847502743,75.14625599687184,NLD
Netherlands,2020,75593.0,940.0,45517.0,196235.0,271828.0,1.561549175258946,1.1272959459913596,0.005399944909072683,0.34580690730903363,72.19087069764704,NLD
Netherlands,2021,89832.0,1266.0,40207.0,255905.0,345737.0,1.97841939662091,1.4643715185018495,0.007244463150088281,0.3661742885488102,74.01724432155078,NLD
Netherlands,2022,95422.0,78816.0,39375.0,474962.0,570384.0,3.242536726283112,2.700078769020308,0.44805565131337793,13.818059412606246,83.27056859939971,NLD
Netherlands,2023,92919.0,29456.0,39693.0,373099.0,466018.0,2.616418989505028,2.094733054442825,0.16537824237445786,6.320785892390422,80.06107060242307,NLD
North Macedonia,2001,0.0,0.0,458.0,458.0,458.0,,,,0.0,100.0,MKD
North Macedonia,2002,248.0,47.0,723.0,1280.0,1528.0,,,,3.0759162303664924,83.7696335078534,MKD
North Macedonia,2004,219.0,18.0,543.0,948.0,1167.0,0.05749074334989251,0.046701992027162034,0.0008867466840600388,1.5424164524421593,81.23393316195373,MKD
North Macedonia,2005,314.0,35.0,524.0,1830.0,2144.0,0.1053461189978754,0.08991762955508953,0.0017197360843869583,1.632462686567164,85.3544776119403,MKD
North Macedonia,2006,270.0,34.0,487.0,763.0,1033.0,0.05067416755538593,0.03742922540634992,0.001667881603952683,3.291384317521781,73.86253630203291,MKD
North Macedonia,2007,149.0,7.0,366.0,806.0,955.0,0.046769225947272716,0.03947224723926891,0.00034281108024178955,0.7329842931937173,84.39790575916231,MKD
North Macedonia,2008,139.0,7.0,219.0,1524.0,1663.0,0.0813132555275167,0.07451677776544524,0.00034226866427697946,0.4209260372820205,91.64161154539988,MKD
North Macedonia,2009,88.0,8.0,259.0,1108.0,1196.0,0.05838079213362758,0.05408521545489913,0.00039050697079349555,0.6688963210702341,92.64214046822742,MKD
North Macedonia,2010,177.0,16.0,303.0,1938.0,2115.0,0.10303392276206909,0.09441122567985338,0.0007794528435901207,0.7565011820330969,91.63120567375887,MKD
North Macedonia,2011,214.0,8.0,349.0,2023.0,2237.0,0.10873559508555941,0.09833353100495605,0.00038886220862068634,0.35762181493071077,90.43361645060348,MKD
North Macedonia,2012,265.0,27.0,396.0,2093.0,2358.0,0.11447746716419215,0.10161210295786861,0.0013108106927197574,1.1450381679389312,88.76166242578456,MKD
North Macedonia,2013,293.0,20.0,490.0,2510.0,2803.0,0.13591660548883913,0.12170912585693407,0.0009697938315293552,0.7135212272565109,89.54691402069211,MKD
North Macedonia,2014,373.0,17.0,265.0,2981.0,3354.0,0.16236084479920068,0.14430461489159727,0.0008229380923036409,0.5068574836016696,88.87895050685748,MKD
North Macedonia,2015,305.0,23.0,259.0,2677.0,2982.0,0.14411561726139732,0.12937542166625104,0.001111555733404473,0.7712944332662642,89.7719651240778,MKD
North Macedonia,2016,317.0,34.0,283.0,3642.0,3959.0,0.19113803168864826,0.17583347092954205,0.001641498630314231,0.8588027279616064,91.9929275069462,MKD
North Macedonia,2017,295.0,31.0,304.0,3228.0,3523.0,0.16988940551728263,0.15566363923070914,0.001494911033504332,0.8799318762418393,91.62645472608573,MKD
North Macedonia,2018,262.0,20.0,369.0,3108.0,3370.0,0.1623860827899182,0.1497614081041738,0.0009637156248659834,0.5934718100890208,92.22551928783382,MKD
North Macedonia,2019,234.0,26.0,336.0,3341.0,3575.0,0.17211231640550528,0.16084678296805405,0.0012517259374945839,0.7272727272727273,93.45454545454545,MKD
North Macedonia,2020,276.0,23.0,205.0,4437.0,4713.0,0.2269952390241083,0.21370207416719045,0.0011077637380764887,0.488011882028432,94.14385741565881,MKD
North Macedonia,2021,174.0,31.0,315.0,2347.0,2521.0,0.12185761075943248,0.11344697042934869,0.0014984474151298719,1.2296707655692185,93.09797699325665,MKD
North Macedonia,2022,0.0,0.0,371.0,2080.0,2080.0,0.11322106303691551,0.11322106303691551,0.0,0.0,100.0,MKD
Norway,1998,13047.0,68.0,9957.0,41714.0,54761.0,,,,0.12417596464637241,76.17464984204086,NOR
Norway,1999,11764.0,65.0,9611.0,55081.0,66845.0,,,,0.09723988331214004,82.40107711870746,NOR
Norway,2000,10279.0,77.0,8757.0,47200.0,57479.0,,,,0.13396196871901042,82.11694705892587,NOR
Norway,2002,10638.0,198.0,9334.0,51330.0,61968.0,,,,0.3195197521301317,82.83307513555384,NOR
Norway,2003,9262.0,191.0,9170.0,44384.0,53646.0,1.1784496991818554,0.9749899610127032,0.004195725544192193,0.3560377288148231,82.73496626029899,NOR
Norway,2004,10557.0,228.0,8618.0,45300.0,55857.0,1.2202626917085184,0.989632453128451,0.004980931552169688,0.4081851871743918,81.09995166228046,NOR
Norway,2005,13343.0,313.0,8793.0,49470.0,62813.0,1.363613766435689,1.073949230662021,0.006794948639523199,0.49830449110852854,78.75758202919778,NOR
Norway,2006,20087.0,278.0,8351.0,54942.0,75029.0,1.6169279941313115,1.1840389429895442,0.005991096540917573,0.3705233976195871,73.22768529501926,NOR
Norway,2007,32357.0,278.0,8276.0,74816.0,107173.0,2.289466612149962,1.5982452115235326,0.005938731939739388,0.25939369057505157,69.80862717288869,NOR
Norway,2008,31140.0,311.0,6436.0,72766.0,103906.0,2.193418814731408,1.5360644570356443,0.006565099718798414,0.29930899081862455,70.03060458491329,NOR
Norway,2009,25834.0,342.0,7303.0,71978.0,97812.0,2.03806759886749,1.4997753816636425,0.007126110485550665,0.34965034965034963,73.58810779863411,NOR
Norway,2010,35939.0,341.0,9591.0,83839.0,119778.0,2.465481549850058,1.7257218158416319,0.00701906200219464,0.2846933493629882,69.99532468399873,NOR
Norway,2011,38734.0,460.0,7618.0,87233.0,125967.0,2.5601461698004493,1.7729185487485022,0.009349013933079351,0.365175006152405,69.25067676454944,NOR
Norway,2012,35674.0,445.0,6704.0,91146.0,126820.0,2.5435881801972373,1.8280861715207177,0.008925222679291678,0.3508910266519476,71.87036744992903,NOR
Norway,2013,35166.0,419.0,7006.0,87885.0,123051.0,2.436038425941965,1.7398577586846886,0.008294935437092615,0.34050921975441073,71.42160567569545,NOR
Norway,2014,33891.0,442.0,6922.0,86496.0,120387.0,2.356345281789826,1.6929937741923362,0.008651304663718698,0.36714927691528154,71.84828926711356,NOR
Norway,2015,26194.0,488.0,6855.0,82123.0,108317.0,2.096808975644053,1.5897434706169535,0.009446742248347885,0.45052946444233133,75.81727706638847,NOR
Norway,2016,20602.0,437.0,6694.0,89295.0,109897.0,2.1077352543208314,1.7126056173924553,0.00838130527801672,0.3976450676542581,81.2533554146155,NOR
Norway,2017,19129.0,444.0,6755.0,74368.0,93497.0,1.7780784231912987,1.4142928241108326,0.00844376632295086,0.4748815470015081,79.54052001668502,NOR
Norway,2018,19450.0,397.0,6463.0,63667.0,83117.0,1.5695426729151019,1.202257941894989,0.007496762890230584,0.47763995331881565,76.59925165730236,NOR
Norway,2019,19583.0,628.0,6393.0,65539.0,85122.0,1.5975715680982665,1.230037393407019,0.011786317811678665,0.7377646201921947,76.99419656493033,NOR
Norway,2020,15666.0,373.0,6340.0,44516.0,60182.0,1.1212129115914433,0.8293495392709564,0.00694912791239255,0.6197866471702502,73.9689608188495,NOR
Norway,2021,26605.0,435.0,7343.0,66919.0,93524.0,1.734698552445585,1.2412246314433308,0.008068451630745363,0.46512125229887513,71.55275651169754,NOR
Norway,2022,25952.0,32297.0,7194.0,141089.0,167041.0,3.07894353645072,2.6005894637501914,0.5953067773585462,19.33477409737729,84.46369454205853,NOR
Norway,2023,24565.0,32935.0,7096.0,134762.0,159327.0,2.9026683262330515,2.455135595221265,0.6000199672653446,20.67132375554677,84.5820231348108,NOR
Poland,1999,0.0,0.0,7052.0,473.0,473.0,,,,0.0,100.0,POL
Poland,2000,0.0,0.0,6921.0,410.0,410.0,,,,0.0,100.0,POL
Poland,2001,0.0,0.0,6270.0,355.0,355.0,,,,0.0,100.0,POL
Poland,2002,0.0,0.0,6328.0,259.0,259.0,,,,0.0,100.0,POL
Poland,2003,0.0,0.0,6548.0,500.0,500.0,0.0013082658776183732,0.0013082658776183732,0.0,0.0,100.0,POL
Poland,2004,0.0,0.0,8253.0,1242.0,1242.0,0.003252108476513388,0.003252108476513388,0.0,0.0,100.0,POL
Poland,2005,0.0,0.0,8228.0,1136.0,1136.0,0.0029758602980287413,0.0029758602980287413,0.0,0.0,100.0,POL
Poland,2006,367.0,609.0,8978.0,3251.0,3618.0,0.009481863838810412,0.008520049568814993,0.0015960351237798618,16.832504145936984,89.85627418463238,POL
Poland,2007,185.0,678.0,13384.0,3029.0,3214.0,0.00843005801973006,0.007944818214611809,0.0017783383128117552,21.095208462974487,94.24393279402614,POL
Poland,2009,0.0,0.0,142348.0,57325.0,57325.0,0.15031777426589074,0.15031777426589074,0.0,0.0,100.0,POL
Poland,2010,0.0,0.0,107378.0,54178.0,54178.0,0.14248793272280427,0.14248793272280427,0.0,0.0,100.0,POL
Poland,2011,0.0,0.0,101945.0,61902.0,61902.0,0.1626315808555763,0.1626315808555763,0.0,0.0,100.0,POL
Poland,2012,0.0,0.0,135910.0,92271.0,92271.0,0.24241147597695994,0.24241147597695994,0.0,0.0,100.0,POL
Poland,2013,0.0,0.0,131431.0,104027.0,104027.0,0.27330549581103836,0.27330549581103836,0.0,0.0,100.0,POL
Poland,2014,0.0,0.0,127780.0,102435.0,102435.0,0.2694391814204357,0.2694391814204357,0.0,0.0,100.0,POL
Poland,2015,0.0,0.0,84784.0,145554.0,145554.0,0.3829802618107946,0.3829802618107946,0.0,0.0,100.0,POL
Poland,2016,0.0,0.0,105422.0,115181.0,115181.0,0.3033696788194255,0.3033696788194255,0.0,0.0,100.0,POL
Poland,2017,0.0,0.0,132788.0,81703.0,81703.0,0.21516097610921286,0.21516097610921286,0.0,0.0,100.0,POL
Poland,2018,0.0,0.0,118417.0,99862.0,99862.0,0.26295606038515157,0.26295606038515157,0.0,0.0,100.0,POL
Poland,2019,0.0,0.0,111871.0,118902.0,118902.0,0.31312403200479333,0.31312403200479333,0.0,0.0,100.0,POL
Poland,2020,0.0,0.0,52175.0,161118.0,161118.0,0.42446233795767324,0.42446233795767324,0.0,0.0,100.0,POL
Poland,2021,0.0,0.0,43385.0,205521.0,205521.0,0.5543630699534439,0.5543630699534439,0.0,0.0,100.0,POL
Poland,2022,0.0,956760.0,82090.0,1159979.0,1159979.0,3.1444470458889664,3.1444470458889664,2.5935651900807923,82.48080353178807,100.0,POL
Poland,2023,0.0,0.0,82680.0,230057.0,230057.0,0.6259418090177281,0.6259418090177281,0.0,0.0,100.0,POL
Portugal,2008,0.0,947.0,9586.0,23708.0,23708.0,0.2246492792470705,0.2246492792470705,0.008973463280199755,3.9944322591530286,100.0,PRT
Portugal,2009,0.0,0.0,17883.0,14424.0,14424.0,0.1365519348928251,0.1365519348928251,0.0,0.0,100.0,PRT
Portugal,2010,0.0,0.0,19222.0,8353.0,8353.0,0.07899954215637067,0.07899954215637067,0.0,0.0,100.0,PRT
Portugal,2011,0.0,0.0,11437.0,7383.0,7383.0,0.06983065192016322,0.06983065192016322,0.0,0.0,100.0,PRT
Portugal,2012,0.0,0.0,9491.0,5177.0,5177.0,0.04902949630408327,0.04902949630408327,0.0,0.0,100.0,PRT
Portugal,2013,0.0,0.0,12198.0,5559.0,5559.0,0.052923255377127464,0.052923255377127464,0.0,0.0,100.0,PRT
Portugal,2014,0.0,0.0,13004.0,10073.0,10073.0,0.0964468715901775,0.0964468715901775,0.0,0.0,100.0,PRT
Portugal,2015,0.0,0.0,20112.0,16737.0,16737.0,0.16100822684026475,0.16100822684026475,0.0,0.0,100.0,PRT
Portugal,2016,0.0,0.0,20386.0,17258.0,17258.0,0.16644558151503092,0.16644558151503092,0.0,0.0,100.0,PRT
Portugal,2017,0.0,0.0,26888.0,19763.0,19763.0,0.19104878950876011,0.19104878950876011,0.0,0.0,100.0,PRT
Portugal,2018,0.0,0.0,28982.0,26375.0,26375.0,0.2551817619780626,0.2551817619780626,0.0,0.0,100.0,PRT
Portugal,2019,0.0,0.0,43740.0,51642.0,51642.0,0.4997534232364342,0.4997534232364342,0.0,0.0,100.0,PRT
Portugal,2020,0.0,0.0,37770.0,45884.0,45884.0,0.4422385846514759,0.4422385846514759,0.0,0.0,100.0,PRT
Portugal,2021,0.0,0.0,48108.0,49011.0,49011.0,0.4715181796325427,0.4715181796325427,0.0,0.0,100.0,PRT
Portugal,2022,0.0,0.0,57454.0,109644.0,109644.0,1.0521328951589355,1.0521328951589355,0.0,0.0,100.0,PRT
Portugal,2023,0.0,0.0,56111.0,133256.0,133256.0,1.2670990045186565,1.2670990045186565,0.0,0.0,100.0,PRT
Romania,2008,4951.0,345.0,126757.0,20568.0,25519.0,0.12366576756709083,0.09967308700654115,0.0016718793765682955,1.351933853207414,80.59876954426115,ROU
Romania,2009,4456.0,82.0,124936.0,18287.0,22743.0,0.11126554466692987,0.08946546257416113,0.0004011684765724948,0.3605504990546542,80.40715824649342,ROU
Romania,2010,5953.0,238.0,136799.0,21068.0,27021.0,0.1331432474210117,0.10381044138506623,0.0011727209535620734,0.880796417601125,77.96898708411976,ROU
Romania,2011,3185.0,131.0,138397.0,17140.0,20325.0,0.10062349934222184,0.08485543806768424,0.0006485450634111222,0.6445264452644526,84.32964329643296,ROU
Romania,2012,3184.0,271.0,155613.0,22649.0,25833.0,0.12854799533200545,0.11270404313376654,0.00134852733848076,1.0490457941392792,87.67467967328611,ROU
Romania,2013,978.0,324.0,138923.0,30094.0,31072.0,0.1552042215228575,0.1503191246945441,0.0016183756363737714,1.0427394438722966,96.85247167868177,ROU
Romania,2014,1000.0,408.0,123916.0,24898.0,25898.0,0.12983203600725932,0.12481882896396412,0.0020453884736644453,1.5754112286663062,96.13869796895513,ROU
Romania,2015,7412.0,386.0,115485.0,28492.0,35904.0,0.1806886308231433,0.1433873793842747,0.001942563822909239,1.075089126559715,79.35606060606061,ROU
Romania,2016,5610.0,270.0,119560.0,32115.0,37725.0,0.19091033995198017,0.1625204921817851,0.0013663563097954844,0.7157057654075547,85.12922465208747,ROU
Romania,2017,9156.0,543.0,146315.0,49552.0,58708.0,0.29886047861354154,0.2522507058025858,0.002764209986495078,0.9249165360768549,84.40416978946651,ROU
Romania,2018,9133.0,585.0,141289.0,55565.0,64698.0,0.3312159261321625,0.2844603068956322,0.0029948579057670266,0.9042010572196977,85.88364400754274,ROU
Romania,2019,0.0,0.0,161286.0,43382.0,43382.0,0.22345202734992653,0.22345202734992653,0.0,0.0,100.0,ROU
Romania,2020,0.0,0.0,114469.0,36973.0,36973.0,0.1912841320311133,0.1912841320311133,0.0,0.0,100.0,ROU
Romania,2021,9878.0,760.0,149513.0,89273.0,99151.0,0.5163667603356418,0.4649232967437923,0.003957990719761654,0.7665076499480591,90.03741767606984,ROU
Romania,2022,11296.0,50258.0,190205.0,206375.0,217671.0,1.1430826539960315,1.0837625715801875,0.26392605365222077,23.08897372640361,94.81051678909914,ROU
Romania,2023,13596.0,1047.0,217518.0,208020.0,221616.0,1.1630609133315575,1.0917078694283382,0.005494751174365301,0.47243881308208796,93.86506389430366,ROU
Russia,2005,222.0,2580.0,162646.0,14376.0,14598.0,0.010174650262427984,0.010019918630816872,0.0017982324754804904,17.673653925195232,98.47924373201809,
Russia,2006,214.0,2083.0,170137.0,12816.0,13030.0,0.009127618828900445,0.008977710123652194,0.0014591580982808616,15.986185725249424,98.35763622409823,
Russia,2007,864.0,14962.0,218387.0,62697.0,63561.0,0.04469172225012559,0.04408421689268772,0.010520249025446092,23.539591888107488,98.6406758861566,
Slovakia,2008,6516.0,98.0,1350.0,8329.0,14845.0,0.2761313853406507,0.15492747110153451,0.0018228949655361244,0.6601549343213203,56.10643314247221,SVK
Slovakia,2009,4350.0,99.0,1205.0,5950.0,10300.0,0.1913644115330686,0.11054546103123866,0.0018393278390071645,0.9611650485436893,57.76699029126213,SVK
Slovakia,2010,3421.0,107.0,1111.0,4910.0,8331.0,0.15455225112746526,0.0910876909177595,0.0019850067063544334,1.2843596206937944,58.936502220621776,SVK
Slovakia,2011,3016.0,105.0,1078.0,4501.0,7517.0,0.13939870700605997,0.08346861517018436,0.0019471683165672871,1.396833843288546,59.877610748969005,SVK
Slovakia,2012,2368.0,92.0,2479.0,3523.0,5891.0,0.10900534794188799,0.06518856574423211,0.0017023412002467654,1.5617042946868105,59.803089458496004,SVK
Slovakia,2013,1920.0,77.0,2674.0,3041.0,4961.0,0.09168638635508451,0.0562020360624495,0.001423070298194216,1.5521064301552108,61.298125377948,SVK
Slovakia,2014,1912.0,94.0,2939.0,2931.0,4843.0,0.08942107837426091,0.054117939441453385,0.0017356145709643868,1.9409456948172619,60.52033863307867,SVK
Slovakia,2015,3006.0,192.0,3223.0,4560.0,7566.0,0.1395593605945679,0.08411190646460871,0.0035415539564045777,2.53766851704996,60.26962727993656,SVK
Slovakia,2016,2859.0,154.0,4076.0,4372.0,7231.0,0.13325956848299708,0.08057126723933943,0.0028380547014771893,2.1297192642787994,60.46190015212281,SVK
Slovakia,2017,2223.0,202.0,4277.0,3616.0,5839.0,0.10742652303635668,0.06652754021227364,0.0037164167928316577,3.4594964891248505,61.92841239938346,SVK
Slovakia,2018,2090.0,237.0,4384.0,3654.0,5744.0,0.10552771204750218,0.06713061626420141,0.00435412043092932,4.126044568245126,63.61420612813371,SVK
Slovakia,2019,1714.0,283.0,4530.0,3258.0,4972.0,0.09122231108385939,0.05977519901673651,0.005192259460324257,5.691874497184232,65.52695092518101,SVK
Slovakia,2020,2088.0,309.0,3941.0,3586.0,5674.0,0.10395991258865864,0.06570325106502112,0.0056615461737567,5.445893549524145,63.20056397603102,SVK
Slovakia,2021,1526.0,208.0,3731.0,2478.0,4004.0,0.07333627484325837,0.045386435829568986,0.003809676615234201,5.194805194805195,61.88811188811189,SVK
Slovakia,2022,1215.0,178.0,3681.0,2349.0,3564.0,0.06557845199524832,0.04322216154232276,0.0032752425519512345,4.994388327721661,65.9090909090909,SVK
Slovakia,2023,934.0,457.0,3783.0,3357.0,4291.0,0.07904152526013153,0.06183696115084166,0.008418079012789586,10.650198089023538,78.23351200186437,SVK
Slovenia,1998,887.0,120.0,857.0,9834.0,10721.0,,,,1.1192985728943194,91.72651804868948,SVN
Slovenia,1999,537.0,121.0,1362.0,10983.0,11520.0,,,,1.0503472222222223,95.33854166666667,SVN
Slovenia,2000,1158.0,192.0,935.0,14382.0,15540.0,,,,1.2355212355212355,92.54826254826256,SVN
Slovenia,2001,1618.0,231.0,1030.0,17914.0,19532.0,,,,1.1826745852959246,91.71615809952898,SVN
Slovenia,2002,1872.0,269.0,1432.0,13493.0,15365.0,,,,1.7507321835340057,87.81646599414253,SVN
Slovenia,2003,1881.0,247.0,1268.0,14082.0,15963.0,0.8001371405886519,0.705852985890459,0.012380747586631399,1.5473281964543006,88.21650065777109,SVN
Slovenia,2004,1194.0,341.0,1574.0,16009.0,17203.0,0.8616868184406891,0.8018801532533273,0.01708046300577079,1.9822124048131142,93.05935011335232,SVN
Slovenia,2005,2898.0,372.0,1747.0,23699.0,26597.0,1.3314544025550787,1.1863795874028205,0.0186224400402485,1.3986539835319773,89.10403428958153,SVN
Slovenia,2006,2808.0,357.0,1765.0,33691.0,36499.0,1.8218910449355534,1.68172638140562,0.017820080085536386,0.9781089892873778,92.30663853804214,SVN
Slovenia,2007,3900.0,471.0,1689.0,51088.0,54988.0,2.7352083713651716,2.5412149064578435,0.023428441531115805,0.8565505201134794,92.90754346402852,SVN
Slovenia,2008,3533.0,440.0,2631.0,52515.0,56048.0,2.7880845797254,2.612336955899932,0.02188761802524936,0.7850413930916357,93.69647445047103,SVN
Slovenia,2009,3206.0,354.0,2903.0,51681.0,54887.0,2.7006507698923716,2.5429032819940542,0.01741815680474246,0.6449614662852771,94.15890830251243,SVN
Slovenia,2010,2837.0,261.0,2711.0,22581.0,25418.0,1.241734148324162,1.1031394603551776,0.012750515882941472,1.0268313793374773,88.8386183019907,SVN
Slovenia,2011,2858.0,203.0,3318.0,18740.0,21598.0,1.0534638513815067,0.9140620693994553,0.00990152615197916,0.9399018427632189,86.76729326789517,SVN
Slovenia,2012,3189.0,223.0,2741.0,21436.0,24625.0,1.1980076828171886,1.0428626472637261,0.010848962975359719,0.9055837563451777,87.0497461928934,SVN
Slovenia,2013,3217.0,182.0,2250.0,20082.0,23299.0,1.1316671046195856,0.975412626935513,0.00884001086058477,0.7811494055538865,86.19254045237993,SVN
Slovenia,2014,3195.0,223.0,2535.0,19459.0,22654.0,1.099129827251181,0.9441143863547597,0.010819544075086666,0.9843736205526618,85.89653041405492,SVN
Slovenia,2015,2690.0,303.0,2755.0,22671.0,25361.0,1.229401310986517,1.0990007145370972,0.014688245622369568,1.1947478411734553,89.39316273017626,SVN
Slovenia,2016,3300.0,305.0,2863.0,24260.0,27560.0,1.335149705356295,1.175280546151804,0.014775785926475687,1.1066763425253991,88.02612481857764,SVN
Slovenia,2017,3215.0,272.0,3288.0,27875.0,31090.0,1.5049167552077913,1.3492941315991376,0.01316620641416916,0.874879382438083,89.65905435831458,SVN
Slovenia,2018,3254.0,309.0,4354.0,44979.0,48233.0,2.3336139495277908,2.176178588016721,0.01495006967022759,0.640640225571704,93.25358157278212,SVN
Slovenia,2019,3033.0,260.0,3759.0,52123.0,55156.0,2.6505736918691265,2.5048200112643135,0.012494545650264212,0.4713902385959823,94.50105156283995,SVN
Slovenia,2020,3087.0,253.0,11360.0,46444.0,49531.0,2.3632769539583016,2.2159866517865447,0.012071411224313062,0.5107912216591629,93.7675395207042,SVN
Slovenia,2021,2694.0,222.0,3962.0,36652.0,39346.0,1.8656438643000848,1.7379042066366774,0.010526430586962305,0.564225080058964,93.15305240685203,SVN
Slovenia,2022,2396.0,6223.0,3708.0,61467.0,63863.0,3.0307330175874867,2.9170265473286574,0.29532360785504796,9.74429638444796,96.24821884346179,SVN
Slovenia,2023,2639.0,1967.0,4031.0,57209.0,59848.0,2.827056758426658,2.702397575404871,0.0929157305812264,3.2866595374949874,95.59049592300495,SVN
Spain,1998,19086.0,173.0,24032.0,95433.0,114519.0,,,,0.15106663523083505,83.33376994210568,ESP
Spain,1999,27875.0,579.0,28243.0,171236.0,199111.0,,,,0.2907925729869269,86.00027120550848,ESP
Spain,2000,60123.0,6325.0,31587.0,611638.0,671761.0,,,,0.9415551066525147,91.04994186920646,ESP
Spain,2001,76777.0,10987.0,20724.0,728113.0,804890.0,,,,1.3650312465057337,90.46118103094832,ESP
Spain,2002,112467.0,10847.0,40175.0,773725.0,886192.0,,,,1.2240011193962481,87.30895787820246,ESP
Spain,2004,201082.0,11851.0,38717.0,1090790.0,1291872.0,3.0363088026119356,2.563702347292203,0.027853607493431274,0.9173509449852617,84.43483564935225,ESP
Spain,2005,213357.0,10015.0,36573.0,1152451.0,1365808.0,3.1545577826928453,2.6617747671870076,0.02313128653051443,0.7332655834495039,84.37869744502888,ESP
Spain,2006,262108.0,10736.0,37873.0,1344253.0,1606361.0,3.6499933162873477,3.0544282794460376,0.0243944718800201,0.6683429191819273,83.68311979685762,ESP
Spain,2007,351231.0,11144.0,37732.0,1490058.0,1841289.0,4.111427335418779,3.3271611314461964,0.024883517050233218,0.6052281852550034,80.92472175742103,ESP
Spain,2008,139799.0,6868.0,31710.0,998995.0,1138794.0,2.4935854104252346,2.1874714453077178,0.015038667747459603,0.6030941504784887,87.72394304852327,ESP
Spain,2009,102025.0,4756.0,27602.0,627761.0,729786.0,1.578281734663086,1.3576359645619862,0.010285628841958654,0.651697894999356,86.019874319321,ESP
Spain,2010,107848.0,4928.0,30425.0,550583.0,658431.0,1.4163882299119237,1.184390286589782,0.010600900013829786,0.7484459267561825,83.62045529448037,ESP
Spain,2011,108730.0,5094.0,35450.0,563022.0,671752.0,1.4394529225189423,1.2064625983137527,0.010915595617596214,0.7583155688408817,83.81396705927187,ESP
Spain,2012,79707.0,3681.0,31571.0,463569.0,543276.0,1.1603944182498698,0.9901465922913472,0.007862323853028241,0.6775561593002453,85.32845183663552,ESP
Spain,2013,72052.0,3348.0,32422.0,420869.0,492921.0,1.0552195176253114,0.9009743613346706,0.007167223439475174,0.6792163450126896,85.38264752363969,ESP
Spain,2014,81661.0,5680.0,40968.0,441488.0,523149.0,1.1251545947947408,0.949523466061754,0.012216171871558823,1.0857327453555297,84.39048913407079,ESP
Spain,2015,86856.0,8848.0,52109.0,471564.0,558420.0,1.2028245893515668,1.01573864591702,0.019058400427245915,1.5844704702553634,84.44611582679703,ESP
Spain,2016,93215.0,6876.0,62573.0,599711.0,692926.0,1.4927674693773336,1.2919548001197099,0.014812936907315565,0.9923137535609863,86.54762557617985,ESP
Spain,2017,112674.0,7788.0,78182.0,763471.0,876145.0,1.884288437418416,1.6419651742625656,0.016749326139639698,0.8888939616159426,87.13979991896319,ESP
Spain,2018,115556.0,8156.0,83686.0,968355.0,1083911.0,2.3237418230908435,2.0760071750347895,0.0174852347740072,0.7524603034751008,89.33897709313771,ESP
Spain,2019,116477.0,8063.0,84458.0,1174007.0,1290484.0,2.7504536493153906,2.502202148551872,0.017184953687476943,0.6248043369774441,90.97416163237979,ESP
Spain,2020,79374.0,4231.0,52768.0,725525.0,804899.0,1.7010400893527944,1.5332943770928853,0.008941619529967951,0.5256560139843632,90.13863851240963,ESP
Spain,2021,182850.0,9923.0,135651.0,1273037.0,1455887.0,3.0714398521307595,2.6856868527825206,0.020934246718799968,0.6815776224391041,87.44064614904865,ESP
Spain,2022,184119.0,91621.0,138420.0,1997709.0,2181828.0,4.594594759647425,4.206868416163188,0.19293975807151467,4.199276936587118,91.56125047437287,ESP
Spain,2023,182418.0,34385.0,152963.0,1953855.0,2136273.0,4.44266811265075,4.063305254170807,0.07150824967290981,1.6095789255399475,91.46092283149204,ESP
Sweden,1998,10060.0,150.0,13690.0,64580.0,74640.0,,,,0.20096463022508038,86.52197213290461,SWE
Sweden,1999,9738.0,202.0,15266.0,61728.0,71466.0,,,,0.28265189040942545,86.37394005541097,SWE
Sweden,2000,11762.0,233.0,16030.0,76526.0,88288.0,,,,0.26390902500906127,86.67769119246104,SWE
Sweden,2001,12794.0,270.0,16678.0,78033.0,90827.0,,,,0.29726843339535597,85.91388023385117,SWE
Sweden,2002,13625.0,318.0,16484.0,81417.0,95042.0,,,,0.33458891858336315,85.66423265503673,SWE
Sweden,2003,13491.0,280.0,15807.0,82050.0,95541.0,1.0685970856260096,0.917704345523012,0.003131715012144343,0.2930678975518364,85.87936069331491,SWE
Sweden,2004,15403.0,320.0,14448.0,79635.0,95038.0,1.0588401757194728,0.8872318166777521,0.00356519346188084,0.33670742229424017,83.79279867000568,SWE
Sweden,2005,17515.0,299.0,13932.0,84962.0,102477.0,1.137193898567502,0.9428288104656861,0.003318022343273936,0.29177278804024315,82.90835992466602,SWE
Sweden,2006,24149.0,424.0,15352.0,131940.0,156089.0,1.7251688596239152,1.4582627817384917,0.004686246926308325,0.2716398977506423,84.52869837080127,SWE
Sweden,2007,29968.0,347.0,15949.0,136852.0,166820.0,1.8305200873847844,1.5016804639658468,0.0038076397933252625,0.20800863205850617,82.03572713103945,SWE
Sweden,2008,28806.0,376.0,17853.0,162911.0,191717.0,2.0877548084613977,1.774063977640245,0.004094555036754621,0.1961224095933068,84.97472837567874,SWE
Sweden,2009,25389.0,466.0,18517.0,166663.0,192052.0,2.07481417885479,1.8005267088625783,0.005034383434415326,0.2426426176243934,86.78014287797055,SWE
Sweden,2010,22861.0,550.0,19765.0,167385.0,190246.0,2.0367463532106114,1.7919997704664392,0.005888221009986209,0.289099376596617,87.98345300295406,SWE
Sweden,2011,23454.0,601.0,20615.0,158127.0,181581.0,1.9285184009040346,1.6794203643539372,0.006383044255419481,0.3309817657133731,87.08345036099591,SWE
Sweden,2012,23968.0,622.0,20462.0,185310.0,209278.0,2.2069092061409776,1.9541583204636157,0.006559206061887481,0.2972123204541328,88.54729116295071,SWE
Sweden,2013,24882.0,549.0,20484.0,220126.0,245008.0,2.5639466662090085,2.3035628381355884,0.00574514595339232,0.224074315940704,89.84441324364919,SWE
Sweden,2014,26235.0,605.0,20866.0,267066.0,293301.0,3.0410071101054403,2.7689970537687207,0.0062727685947671225,0.2062727368812244,91.05526404615054,SWE
Sweden,2015,28094.0,653.0,20372.0,361951.0,390045.0,4.001547086363429,3.71332530722437,0.006699253284609004,0.1674165801381892,92.79724134394749,SWE
Sweden,2016,28574.0,712.0,20019.0,286051.0,314625.0,3.1938326773773715,2.9037712552927277,0.007227680147136078,0.2263011521652761,90.91807707588399,SWE
Sweden,2017,27925.0,965.0,19513.0,248087.0,276012.0,2.7614584789247347,2.4820730608125756,0.009654679623213371,0.3496224801820211,89.88268626001769,SWE
Sweden,2018,26041.0,1203.0,18171.0,231417.0,257458.0,2.5439905488426064,2.2866745676635007,0.011887067522693627,0.46726067941178756,89.88534052156079,SWE
Sweden,2019,23320.0,1183.0,17570.0,203368.0,226688.0,2.215873906483607,1.9879210395510931,0.011563818249621096,0.5218626482213439,89.71273291925466,SWE
Sweden,2020,19090.0,895.0,16729.0,132663.0,151753.0,1.4693942603641568,1.2845495691201498,0.008666107839884024,0.5897741725040032,87.42034753843416,SWE
Sweden,2021,22912.0,963.0,16005.0,146689.0,169601.0,1.634031983867883,1.4132848136602727,0.00927808680647385,0.567803255877029,86.49064569194758,SWE
Sweden,2022,30568.0,46397.0,15705.0,212302.0,242870.0,2.3235976375019303,2.031145986070469,0.44389162756691664,19.103635689875244,87.41384279655783,SWE
Sweden,2023,28722.0,388.0,17228.0,143055.0,171777.0,1.6326197379931258,1.3596373007946734,0.0036876674894853953,0.22587424393254044,83.27948444785972,SWE
Switzerland,1998,32664.0,296.0,23753.0,115370.0,148034.0,,,,0.19995406460677953,77.93479876244646,CHE
Switzerland,1999,36975.0,339.0,24276.0,134544.0,171519.0,,,,0.19764574187116296,78.4426215171497,CHE
Switzerland,2000,39197.0,458.0,26102.0,133317.0,172514.0,,,,0.2654856997113278,77.27894547688882,CHE
Switzerland,2003,51910.0,558.0,20971.0,146113.0,198023.0,2.707505879595885,1.9977568594829564,0.007629357603987939,0.281785449164996,73.78587335814527,CHE
Switzerland,2004,56685.0,624.0,19354.0,145376.0,202061.0,2.7438476250069934,1.9741048115817335,0.008473485323760467,0.3088176342787574,71.94659038607153,CHE
Switzerland,2005,57289.0,635.0,19179.0,141278.0,198567.0,2.6778728060652437,1.9052738586738256,0.008563604384673332,0.3197913046981623,71.1487810159795,CHE
Switzerland,2006,63961.0,645.0,20409.0,150730.0,214691.0,2.8782318791150923,2.0207455884923813,0.00864712336348163,0.30043178335375026,70.20788016265237,CHE
Switzerland,2007,94407.0,700.0,21779.0,188351.0,282758.0,3.76571885106141,2.508423851195254,0.009322470790368395,0.2475615190374808,66.61208524604079,CHE
Switzerland,2008,108356.0,735.0,22668.0,216974.0,325330.0,4.284325502858104,2.8573671092648523,0.009679338654906423,0.22592444594719208,66.69351120400823,CHE
Switzerland,2009,86642.0,755.0,22354.0,191796.0,278438.0,3.6152065164552543,2.4902568939227114,0.009802831940768563,0.2711555175658495,68.8828392676287,CHE
Switzerland,2010,85953.0,769.0,22283.0,194889.0,280842.0,3.607102463123278,2.503131981454457,0.009876947871549843,0.27381944296081073,69.39453500544789,CHE
Switzerland,2011,82790.0,732.0,24104.0,168275.0,251065.0,3.190098160971592,2.138146567771273,0.009300985218294885,0.29155796307729076,67.02447573337582,CHE
Switzerland,2012,86244.0,681.0,24006.0,165539.0,251783.0,3.165225624922844,2.081031224205378,0.00856101742600754,0.27047100082213654,65.74669457429611,CHE
Switzerland,2013,92258.0,724.0,26054.0,177805.0,270063.0,3.359385301266566,2.2117635643968323,0.009006028067958194,0.26808559484268485,65.83834142403809,CHE
Switzerland,2014,90120.0,763.0,26177.0,171716.0,261836.0,3.2168042998509394,2.109628802583311,0.009373889307758546,0.2914037794650086,65.58150903619058,CHE
Switzerland,2015,86366.0,727.0,25952.0,170735.0,257101.0,3.1210418096582213,2.072613771910636,0.008825315325967331,0.2827682506096826,66.40775415109236,CHE
Switzerland,2016,83804.0,618.0,24276.0,167711.0,251515.0,3.020429857792472,2.0140322123143086,0.0074215281478867984,0.24571099139216349,66.68031727729957,CHE
Switzerland,2017,78847.0,576.0,23803.0,161825.0,240672.0,2.858490061820406,1.9220148345220351,0.006841220730324068,0.23932987634623054,67.23881465230687,CHE
Switzerland,2018,79083.0,607.0,23902.0,164246.0,243329.0,2.8680489337150656,1.9359203595418741,0.007154534407181408,0.24945649717049756,67.49955821131061,CHE
Switzerland,2019,79596.0,652.0,23965.0,163943.0,243539.0,2.850233839743265,1.9186901744239326,0.007630615480529232,0.2677189279745749,67.31693897076033,CHE
Switzerland,2020,78634.0,591.0,25495.0,149190.0,227824.0,2.6472591959617167,1.7335513354410796,0.006867275549605725,0.25941077322845707,65.48476016574197,CHE
Switzerland,2021,0.0,0.0,22134.0,122754.0,122754.0,1.4157987612885368,1.4157987612885368,0.0,0.0,100.0,CHE
Switzerland,2022,0.0,0.0,21828.0,145247.0,145247.0,1.6620949053478908,1.6620949053478908,0.0,0.0,100.0,CHE
Switzerland,2023,0.0,0.0,22041.0,240997.0,240997.0,2.7338227428524107,2.7338227428524107,0.0,0.0,100.0,CHE
United Kingdom,1998,72313.0,84.0,0.0,57693.0,130006.0,,,,0.0646124025044998,44.3771825915727,GBR
United Kingdom,1999,71700.0,74.0,115574.0,312498.0,384198.0,,,,0.019260901930775277,81.3377477238299,GBR
United Kingdom,2000,66668.0,277.0,103902.0,353987.0,420655.0,,,,0.06584968679796983,84.151382962285,GBR
United Kingdom,2001,64133.0,0.0,105976.0,482710.0,546843.0,,,,0.0,88.27213660959362,GBR
United Kingdom,2002,65191.0,309.0,94430.0,528139.0,593330.0,,,,0.05207894426373182,89.01269108253416,GBR
United Kingdom,2003,80081.0,116.0,106017.0,578953.0,659034.0,1.1075942187169598,0.9730074559261587,0.00019495341571325203,0.017601519800192405,87.8487301110413,GBR
United Kingdom,2004,111488.0,268.0,85460.0,761185.0,872673.0,1.4594717150998986,1.2730174732784403,0.00044820731207081326,0.030710243126577767,87.22453885934365,GBR
United Kingdom,2007,0.0,0.0,71424.0,482213.0,482213.0,0.7895646146656052,0.7895646146656052,0.0,0.0,100.0,GBR
United Kingdom,2008,60260.0,0.0,85081.0,699391.0,759651.0,1.23376754888496,1.1358978264784765,0.0,0.0,92.06740990270532,GBR
United Kingdom,2009,104986.0,0.0,95970.0,701658.0,806644.0,1.3001507696122954,1.13093407836,0.0,0.0,86.98484089635576,GBR
United Kingdom,2010,80984.0,0.0,93321.0,757986.0,838970.0,1.3421330283121649,1.2125797651861503,0.0,0.0,90.34721146167324,GBR
United Kingdom,2011,115684.0,0.0,78430.0,730114.0,845798.0,1.342056520356878,1.1584967738205123,0.0,0.0,86.32250253606654,GBR
United Kingdom,2012,99084.0,0.0,80196.0,593756.0,692840.0,1.0911710209772447,0.935121154568681,0.0,0.0,85.69886265227181,GBR
United Kingdom,2013,128140.0,0.0,76136.0,605555.0,733695.0,1.1480965081135157,0.9475811896914658,0.0,0.0,82.53497706812777,GBR
United Kingdom,2014,174652.0,0.0,81251.0,736843.0,911495.0,1.4164381666648873,1.1450337610627108,0.0,0.0,80.8389513930411,GBR
United Kingdom,2015,209310.0,0.0,83624.0,738225.0,947535.0,1.461041521759702,1.138298192046791,0.0,0.0,77.91005081606485,GBR
United Kingdom,2016,202294.0,0.0,74210.0,679894.0,882188.0,1.3493436826638212,1.039926493877763,0.0,0.0,77.0690601096365,GBR
United Kingdom,2017,158328.0,0.0,80853.0,747054.0,905382.0,1.3750380405898524,1.134579291807007,0.0,0.0,82.51257480267998,GBR
United Kingdom,2018,86406.0,0.0,76942.0,728178.0,814584.0,1.2291233537782842,1.0987455996036792,0.0,0.0,89.39262249197137,GBR
United Kingdom,2019,56043.0,0.0,77514.0,847709.0,903752.0,1.3560257494728354,1.2719365844389476,0.0,0.0,93.79885189742319,GBR
United States,2004,57440.0,15281.0,0.0,948679.0,1006119.0,,,,1.5188064234946363,94.29093377622328,USA
