geo,year,population_15_64
Andorra,1986,32107.0
Andorra,1987,33856.0
Andorra,1988,34940.0
Andorra,1989,36624.0
Andorra,1990,36708.0
Andorra,1991,39706.0
Andorra,1992,43635.0
Andorra,1993,45559.0
Andorra,1994,48401.0
Andorra,1995,47589.0
Andorra,1996,46967.0
Andorra,1997,47283.0
Andorra,1998,47789.0
Andorra,1999,48114.0
Andorra,2000,47862.0
Andorra,2001,47507.0
Andorra,2002,47642.0
Andorra,2003,48089.0
Andorra,2004,52415.0
Andorra,2005,56289.0
Andorra,2006,57441.0
Andorra,2007,59595.0
Andorra,2008,61044.0
Andorra,2009,61902.0
Andorra,2010,61122.0
Andorra,2011,56163.0
Andorra,2012,56163.0
Andorra,2013,54801.0
Andorra,2019,55262.0
Albania,2002,1930245.0
Albania,2003,1936273.0
Albania,2004,1939914.0
Albania,2005,1944314.0
Albania,2006,1948463.0
Albania,2007,1953471.0
Albania,2008,1949528.0
Albania,2009,1945520.0
Albania,2010,1948063.0
Albania,2011,1959846.0
Albania,2012,1973908.0
Albania,2013,1979358.0
Albania,2014,1979307.0
Albania,2015,1977828.0
Albania,2016,1976078.0
Albania,2017,1976530.0
Albania,2018,1974207.0
Albania,2019,1965787.0
Albania,2020,1947069.0
Albania,2021,1930844.0
Albania,2022,1898279.0
Albania,2023,1864062.0
Armenia,2006,2208276.0
Armenia,2007,2238933.0
Armenia,2008,2268288.0
Armenia,2009,2298789.0
Armenia,2010,2326779.0
Armenia,2015,2104872.0
Armenia,2016,2081399.0
Armenia,2017,2054732.0
Armenia,2018,2028482.0
Armenia,2019,2012049.0
Armenia,2020,1995082.0
Armenia,2021,1991866.0
Armenia,2023,1981374.0
Armenia,2024,1921746.0
Austria,1960,4642716.0
Austria,1961,4622430.0
Austria,1962,4611787.0
Austria,1963,4618489.0
Austria,1964,4622103.0
Austria,1965,4615779.0
Austria,1966,4613427.0
Austria,1967,4613560.0
Austria,1968,4616615.0
Austria,1969,4600140.0
Austria,1970,4594919.0
Austria,1971,4598617.0
Austria,1972,4622269.0
Austria,1973,4656467.0
Austria,1974,4693834.0
Austria,1975,4691982.0
Austria,1976,4690242.0
Austria,1977,4722885.0
Austria,1978,4758172.0
Austria,1979,4784554.0
Austria,1980,4817144.0
Austria,1981,4873068.0
Austria,1982,4953496.0
Austria,1983,5001807.0
Austria,1984,5061135.0
Austria,1985,5099078.0
Austria,1986,5115660.0
Austria,1987,5126036.0
Austria,1988,5125992.0
Austria,1989,5132103.0
Austria,1990,5164673.0
Austria,1991,5206810.0
Austria,1992,5259697.0
Austria,1993,5308819.0
Austria,1994,5330229.0
Austria,1995,5329559.0
Austria,1996,5330428.0
Austria,1997,5341496.0
Austria,1998,5352997.0
Austria,1999,5369748.0
Austria,2000,5396769.0
Austria,2001,5423750.0
Austria,2002,5468650.0
Austria,2003,5510504.0
Austria,2004,5551836.0
Austria,2005,5570381.0
Austria,2006,5584114.0
Austria,2007,5589077.0
Austria,2008,5606753.0
Austria,2009,5624765.0
Austria,2010,5633091.0
Austria,2011,5663159.0
Austria,2012,5687630.0
Austria,2013,5705240.0
Austria,2014,5732284.0
Austria,2015,5774985.0
Austria,2016,5848657.0
Austria,2017,5883608.0
Austria,2018,5902273.0
Austria,2019,5911524.0
Austria,2020,5924377.0
Austria,2021,5930889.0
Austria,2022,5941650.0
Austria,2023,6009025.0
Austria,2024,6025781.0
Azerbaijan,2006,5770900.0
Azerbaijan,2007,5898100.0
Azerbaijan,2008,6027300.0
Azerbaijan,2009,6281600.0
Azerbaijan,2010,6431799.0
Azerbaijan,2011,6551059.0
Azerbaijan,2012,6651343.0
Azerbaijan,2013,6731228.0
Azerbaijan,2014,6804835.0
Azerbaijan,2015,6869552.0
Azerbaijan,2016,6921261.0
Azerbaijan,2017,6969695.0
Azerbaijan,2018,7015694.0
Azerbaijan,2019,7064107.0
Azerbaijan,2020,7090522.0
Azerbaijan,2021,7102141.0
Azerbaijan,2022,7105902.0
Azerbaijan,2023,7050724.0
Azerbaijan,2024,7089545.0
Belgium,1960,5902147.0
Belgium,1961,5905831.0
Belgium,1962,5876181.0
Belgium,1963,5905738.0
Belgium,1964,5947924.0
Belgium,1965,5995640.0
Belgium,1966,6022068.0
Belgium,1967,6038603.0
Belgium,1968,6058231.0
Belgium,1969,6071477.0
Belgium,1970,6088302.0
Belgium,1971,6080888.0
Belgium,1972,6116150.0
Belgium,1973,6148744.0
Belgium,1974,6182804.0
Belgium,1975,6234318.0
Belgium,1976,6283286.0
Belgium,1977,6326696.0
Belgium,1978,6370215.0
Belgium,1979,6401628.0
Belgium,1980,6446152.0
Belgium,1981,6495910.0
Belgium,1982,6506978.0
Belgium,1983,6563389.0
Belgium,1984,6609040.0
Belgium,1985,6644788.0
Belgium,1986,6648556.0
Belgium,1987,6652033.0
Belgium,1988,6655133.0
Belgium,1989,6676430.0
Belgium,1990,6672563.0
Belgium,1991,6675022.0
Belgium,1992,6674950.0
Belgium,1993,6688909.0
Belgium,1994,6698152.0
Belgium,1995,6707199.0
Belgium,1996,6700435.0
Belgium,1997,6705928.0
Belgium,1998,6706370.0
Belgium,1999,6711049.0
Belgium,2000,6719207.0
Belgium,2001,6728589.0
Belgium,2002,6758088.0
Belgium,2003,6790755.0
Belgium,2004,6818862.0
Belgium,2005,6851494.0
Belgium,2006,6906263.0
Belgium,2007,6976743.0
Belgium,2008,7046685.0
Belgium,2009,7101426.0
Belgium,2010,7147512.0
Belgium,2011,7250159.0
Belgium,2012,7270280.0
Belgium,2013,7286902.0
Belgium,2014,7286350.0
Belgium,2015,7295584.0
Belgium,2016,7326873.0
Belgium,2017,7328664.0
Belgium,2018,7333992.0
Belgium,2019,7350494.0
Belgium,2020,7375684.0
Belgium,2021,7389952.0
Belgium,2022,7416490.0
Belgium,2023,7493388.0
Belgium,2024,7535763.0
Bulgaria,1960,5198117.0
Bulgaria,1961,5253134.0
Bulgaria,1962,5315669.0
Bulgaria,1963,5374129.0
Bulgaria,1964,5437415.0
Bulgaria,1965,5505982.0
Bulgaria,1966,5556665.0
Bulgaria,1967,5603094.0
Bulgaria,1968,5647872.0
Bulgaria,1969,5690541.0
Bulgaria,1970,5723295.0
Bulgaria,1971,5751770.0
Bulgaria,1972,5776066.0
Bulgaria,1973,5794951.0
Bulgaria,1974,5817467.0
Bulgaria,1975,5838944.0
Bulgaria,1976,5826636.0
Bulgaria,1977,5847778.0
Bulgaria,1978,5849193.0
Bulgaria,1979,5850440.0
Bulgaria,1980,5846311.0
Bulgaria,1981,5850724.0
Bulgaria,1982,5891830.0
Bulgaria,1983,5942702.0
Bulgaria,1984,5992911.0
Bulgaria,1985,6014424.0
Bulgaria,1986,5994511.0
Bulgaria,1987,5992626.0
Bulgaria,1988,5981458.0
Bulgaria,1989,5982690.0
Bulgaria,1990,5830075.0
Bulgaria,1991,5764956.0
Bulgaria,1992,5722879.0
Bulgaria,1993,5661518.0
Bulgaria,1994,5652656.0
Bulgaria,1995,5647618.0
Bulgaria,1996,5630874.0
Bulgaria,1997,5624252.0
Bulgaria,1998,5601526.0
Bulgaria,1999,5584542.0
Bulgaria,2000,5565165.0
Bulgaria,2001,5551767.0
Bulgaria,2002,5358603.0
Bulgaria,2003,5336453.0
Bulgaria,2004,5317621.0
Bulgaria,2005,5297358.0
Bulgaria,2006,5270029.0
Bulgaria,2007,5235388.0
Bulgaria,2008,5193519.0
Bulgaria,2009,5147164.0
Bulgaria,2010,5097115.0
Bulgaria,2011,5033849.0
Bulgaria,2012,4966189.0
Bulgaria,2013,4807851.0
Bulgaria,2014,4709758.0
Bulgaria,2015,4613267.0
Bulgaria,2016,4512841.0
Bulgaria,2017,4418298.0
Bulgaria,2018,4325143.0
Bulgaria,2019,4232569.0
Bulgaria,2020,4144270.0
Bulgaria,2021,4105729.0
Bulgaria,2022,4047300.0
Bulgaria,2023,4018908.0
Bulgaria,2024,4003547.0
Belarus,2006,6850544.0
Belarus,2007,6850655.0
Belarus,2008,6865802.0
Belarus,2009,6889629.0
Belarus,2011,6761154.0
Belarus,2012,6737957.0
Belarus,2013,6697941.0
Belarus,2014,6661464.0
Belarus,2015,6613355.0
Belarus,2016,6577321.0
Belarus,2017,6529899.0
Belarus,2018,6477226.0
Belarus,2019,6430752.0
Switzerland,1960,3477900.0
Switzerland,1961,3527170.0
Switzerland,1962,3615385.0
Switzerland,1963,3699511.0
Switzerland,1964,3772867.0
Switzerland,1965,3816325.0
Switzerland,1966,3839484.0
Switzerland,1967,3873328.0
Switzerland,1968,3921790.0
Switzerland,1969,3968923.0
Switzerland,1970,4011883.0
Switzerland,1971,4008318.0
Switzerland,1972,4030135.0
Switzerland,1973,4072049.0
Switzerland,1974,4102278.0
Switzerland,1975,4128765.0
Switzerland,1976,4110559.0
Switzerland,1977,4098787.0
Switzerland,1978,4109363.0
Switzerland,1979,4135116.0
Switzerland,1980,4171840.0
Switzerland,1981,4222095.0
Switzerland,1982,4277424.0
Switzerland,1983,4330504.0
Switzerland,1984,4366320.0
Switzerland,1985,4404383.0
Switzerland,1986,4433141.0
Switzerland,1987,4465286.0
Switzerland,1988,4498017.0
Switzerland,1989,4531850.0
Switzerland,1990,4564889.0
Switzerland,1991,4621120.0
Switzerland,1992,4666207.0
Switzerland,1993,4696080.0
Switzerland,1994,4725292.0
Switzerland,1995,4749930.0
Switzerland,1996,4770997.0
Switzerland,1997,4775598.0
Switzerland,1998,4780995.0
Switzerland,1999,4796099.0
Switzerland,2000,4821209.0
Switzerland,2001,4847586.0
Switzerland,2002,4900004.0
Switzerland,2003,4949559.0
Switzerland,2004,4993844.0
Switzerland,2005,5035354.0
Switzerland,2006,5073143.0
Switzerland,2007,5109407.0
Switzerland,2008,5171568.0
Switzerland,2009,5245667.0
Switzerland,2010,5295894.0
Switzerland,2011,5349624.0
Switzerland,2012,5394861.0
Switzerland,2013,5439839.0
Switzerland,2014,5494607.0
Switzerland,2015,5547120.0
Switzerland,2016,5595282.0
Switzerland,2017,5641500.0
Switzerland,2018,5664710.0
Switzerland,2019,5683480.0
Switzerland,2020,5705315.0
Switzerland,2021,5734359.0
Switzerland,2022,5757830.0
Switzerland,2023,5797001.0
Switzerland,2024,5888579.0
Cyprus,1961,328413.0
Cyprus,1973,389799.0
Cyprus,1976,320965.0
Cyprus,1982,335869.0
Cyprus,1983,337011.0
Cyprus,1984,339893.0
Cyprus,1985,343066.0
Cyprus,1986,345526.0
Cyprus,1987,348476.0
Cyprus,1988,351252.0
Cyprus,1989,354425.0
Cyprus,1990,361540.0
Cyprus,1991,371547.0
Cyprus,1992,382507.0
Cyprus,1993,393670.0
Cyprus,1994,403545.0
Cyprus,1995,412771.0
Cyprus,1996,422187.0
Cyprus,1997,430670.0
Cyprus,1998,439148.0
Cyprus,1999,447383.0
Cyprus,2000,455638.0
Cyprus,2001,463283.0
Cyprus,2002,471532.0
Cyprus,2003,479857.0
Cyprus,2004,489274.0
Cyprus,2005,498762.0
Cyprus,2006,509290.0
Cyprus,2007,521298.0
Cyprus,2008,538724.0
Cyprus,2009,556876.0
Cyprus,2010,575564.0
Cyprus,2011,591923.0
Cyprus,2012,609334.0
Cyprus,2013,606368.0
Cyprus,2014,599750.0
Cyprus,2015,596423.0
Cyprus,2016,595598.0
Cyprus,2017,596352.0
Cyprus,2018,599921.0
Cyprus,2019,605464.0
Cyprus,2020,611152.0
Cyprus,2021,617389.0
Cyprus,2022,626748.0
Cyprus,2023,638106.0
Cyprus,2024,647403.0
Czechia,1960,6254454.0
Czechia,1961,6220350.0
Czechia,1962,6288723.0
Czechia,1963,6355074.0
Czechia,1964,6413790.0
Czechia,1965,6457145.0
Czechia,1966,6498331.0
Czechia,1967,6537691.0
Czechia,1968,6565548.0
Czechia,1969,6590507.0
Czechia,1970,6608415.0
Czechia,1971,6534836.0
Czechia,1972,6546761.0
Czechia,1973,6554567.0
Czechia,1974,6549512.0
Czechia,1975,6528594.0
Czechia,1976,6510054.0
Czechia,1977,6496824.0
Czechia,1978,6485346.0
Czechia,1979,6489857.0
Czechia,1980,6504728.0
Czechia,1981,6509099.0
Czechia,1982,6559945.0
Czechia,1983,6613987.0
Czechia,1984,6667437.0
Czechia,1985,6692112.0
Czechia,1986,6703143.0
Czechia,1987,6711373.0
Czechia,1988,6729577.0
Czechia,1989,6765414.0
Czechia,1990,6817371.0
Czechia,1991,6826911.0
Czechia,1992,6876788.0
Czechia,1993,6932894.0
Czechia,1994,6981337.0
Czechia,1995,7028905.0
Czechia,1996,7055805.0
Czechia,1997,7078210.0
Czechia,1998,7102231.0
Czechia,1999,7126712.0
Czechia,2000,7152815.0
Czechia,2001,7159345.0
Czechia,2002,7166678.0
Czechia,2003,7188079.0
Czechia,2004,7221546.0
Czechia,2005,7241636.0
Czechia,2006,7270843.0
Czechia,2007,7297429.0
Czechia,2008,7358195.0
Czechia,2009,7392376.0
Czechia,2010,7368638.0
Czechia,2011,7327997.0
Czechia,2012,7262768.0
Czechia,2013,7188211.0
Czechia,2014,7109420.0
Czechia,2015,7056824.0
Czechia,2016,6997715.0
Czechia,2017,6942623.0
Czechia,2018,6899195.0
Czechia,2019,6870123.0
Czechia,2020,6852107.0
Czechia,2021,6658623.0
Czechia,2022,6654190.0
Czechia,2023,6868872.0
Czechia,2024,6935475.0
Germany,1960,37634861.0
Germany,1961,37791475.0
Germany,1962,37913411.0
Germany,1963,38119900.0
Germany,1964,38261834.0
Germany,1965,38497575.0
Germany,1966,38742236.0
Germany,1967,38754926.0
Germany,1968,38486146.0
Germany,1969,38640740.0
Germany,1970,39055862.0
Germany,1971,38778901.0
Germany,1972,39089509.0
Germany,1973,39334666.0
Germany,1974,39656552.0
Germany,1975,39641387.0
Germany,1976,39555855.0
Germany,1977,39645503.0
Germany,1978,39813383.0
Germany,1979,40090491.0
Germany,1980,40512575.0
Germany,1981,41120416.0
Germany,1982,41738387.0
Germany,1983,42195846.0
Germany,1984,42588069.0
Germany,1985,42727088.0
Germany,1986,42767335.0
Germany,1987,42849553.0
Germany,1988,42881556.0
Germany,1989,43076561.0
Germany,1990,43628379.0
Germany,1991,54904282.0
Germany,1992,55142190.0
Germany,1993,55556552.0
Germany,1994,55670122.0
Germany,1995,55702495.0
Germany,1996,55846564.0
Germany,1997,55968137.0
Germany,1998,55992553.0
Germany,1999,55989513.0
Germany,2000,55915209.0
Germany,2001,55788284.0
Germany,2002,55755743.0
Germany,2003,55682281.0
Germany,2004,55509566.0
Germany,2005,55208740.0
Germany,2006,54918049.0
Germany,2007,54574251.0
Germany,2008,54417397.0
Germany,2009,54134237.0
Germany,2010,53877881.0
Germany,2011,52762009.0
Germany,2012,52951462.0
Germany,2013,53125688.0
Germany,2014,53272221.0
Germany,2015,53422103.0
Germany,2016,53994380.0
Germany,2017,53963380.0
Germany,2018,53910881.0
Germany,2019,53844866.0
Germany,2020,53684770.0
Germany,2021,53405595.0
Germany,2022,53193690.0
Germany,2023,53009329.0
Germany,2024,53109702.0
Denmark,1960,2923355.0
Denmark,1961,2956705.0
Denmark,1962,2994412.0
Denmark,1963,3029552.0
Denmark,1964,3054996.0
Denmark,1965,3076406.0
Denmark,1966,3093264.0
Denmark,1967,3110075.0
Denmark,1968,3126702.0
Denmark,1969,3140461.0
Denmark,1970,3159570.0
Denmark,1971,3191983.0
Denmark,1972,3201747.0
Denmark,1973,3218074.0
Denmark,1974,3232754.0
Denmark,1975,3238233.0
Denmark,1976,3239512.0
Denmark,1977,3250835.0
Denmark,1978,3265115.0
Denmark,1979,3284986.0
Denmark,1980,3305897.0
Denmark,1981,3327669.0
Denmark,1982,3350789.0
Denmark,1983,3369223.0
Denmark,1984,3381184.0
Denmark,1985,3394339.0
Denmark,1986,3404209.0
Denmark,1987,3421016.0
Denmark,1988,3436969.0
Denmark,1989,3444534.0
Denmark,1990,3454468.0
Denmark,1991,3470809.0
Denmark,1992,3483208.0
Denmark,1993,3494716.0
Denmark,1994,3506305.0
Denmark,1995,3516145.0
Denmark,1996,3535829.0
Denmark,1997,3545187.0
Denmark,1998,3551204.0
Denmark,1999,3555467.0
Denmark,2000,3558470.0
Denmark,2001,3562899.0
Denmark,2002,3568567.0
Denmark,2003,3572110.0
Denmark,2004,3575484.0
Denmark,2005,3580756.0
Denmark,2006,3588553.0
Denmark,2007,3598186.0
Denmark,2008,3612833.0
Denmark,2009,3627869.0
Denmark,2010,3630561.0
Denmark,2011,3631760.0
Denmark,2012,3625974.0
Denmark,2013,3625231.0
Denmark,2014,3631831.0
Denmark,2015,3645939.0
Denmark,2016,3672555.0
Denmark,2017,3692029.0
Denmark,2018,3704557.0
Denmark,2019,3712548.0
Denmark,2020,3713654.0
Denmark,2021,3714989.0
Denmark,2022,3732373.0
Denmark,2023,3771867.0
Denmark,2024,3791527.0
Estonia,1960,803101.0
Estonia,1961,806302.0
Estonia,1962,816324.0
Estonia,1963,826587.0
Estonia,1964,838787.0
Estonia,1965,850782.0
Estonia,1966,861504.0
Estonia,1967,869576.0
Estonia,1968,874900.0
Estonia,1969,884210.0
Estonia,1970,894204.0
Estonia,1971,905715.0
Estonia,1972,914197.0
Estonia,1973,922163.0
Estonia,1974,930788.0
Estonia,1975,938228.0
Estonia,1976,945438.0
Estonia,1977,952278.0
Estonia,1978,959524.0
Estonia,1979,965247.0
Estonia,1980,969450.0
Estonia,1981,976088.0
Estonia,1982,985208.0
Estonia,1983,994248.0
Estonia,1984,1000933.0
Estonia,1985,1009562.0
Estonia,1986,1019311.0
Estonia,1987,1027717.0
Estonia,1988,1035221.0
Estonia,1989,1038029.0
Estonia,1990,1038860.0
Estonia,1991,1035918.0
Estonia,1992,1026582.0
Estonia,1993,995966.0
Estonia,1994,972286.0
Estonia,1995,952702.0
Estonia,1996,937383.0
Estonia,1997,925862.0
Estonia,1998,919057.0
Estonia,1999,915622.0
Estonia,2000,942700.0
Estonia,2001,939770.0
Estonia,2002,935930.0
Estonia,2003,932000.0
Estonia,2004,928510.0
Estonia,2005,924760.0
Estonia,2006,919760.0
Estonia,2007,910960.0
Estonia,2008,906360.0
Estonia,2009,903250.0
Estonia,2010,899210.0
Estonia,2011,893550.0
Estonia,2012,884990.0
Estonia,2013,875302.0
Estonia,2014,866008.0
Estonia,2015,858563.0
Estonia,2016,854174.0
Estonia,2017,847552.0
Estonia,2018,845525.0
Estonia,2019,845549.0
Estonia,2020,843986.0
Estonia,2021,840956.0
Estonia,2022,841851.0
Estonia,2023,865512.0
Estonia,2024,872898.0
Greece,1960,5466683.0
Greece,1961,5473525.0
Greece,1962,5530750.0
Greece,1963,5566422.0
Greece,1964,5570601.0
Greece,1965,5580683.0
Greece,1966,5604093.0
Greece,1967,5658404.0
Greece,1968,5689760.0
Greece,1969,5711709.0
Greece,1970,5678716.0
Greece,1971,5628569.0
Greece,1972,5661710.0
Greece,1973,5700641.0
Greece,1974,5707925.0
Greece,1975,5735256.0
Greece,1976,5823589.0
Greece,1977,5915098.0
Greece,1978,5958498.0
Greece,1979,6062778.0
Greece,1980,6114866.0
Greece,1981,6236400.0
Greece,1982,6297116.0
Greece,1983,6375148.0
Greece,1984,6442524.0
Greece,1985,6502700.0
Greece,1986,6508409.0
Greece,1987,6565568.0
Greece,1988,6618487.0
Greece,1989,6680352.0
Greece,1990,6760458.0
Greece,1991,6888261.0
Greece,1992,6973171.0
Greece,1993,7036986.0
Greece,1994,7088269.0
Greece,1995,7133410.0
Greece,1996,7184192.0
Greece,1997,7222477.0
Greece,1998,7273744.0
Greece,1999,7314629.0
Greece,2000,7320980.0
Greece,2001,7345393.0
Greece,2002,7277225.0
Greece,2003,7281903.0
Greece,2004,7294186.0
Greece,2005,7309775.0
Greece,2006,7334214.0
Greece,2007,7357381.0
Greece,2008,7378009.0
Greece,2009,7388356.0
Greece,2010,7381658.0
Greece,2011,7349425.0
Greece,2012,7279865.0
Greece,2013,7180241.0
Greece,2014,7088176.0
Greece,2015,7011027.0
Greece,2016,6934132.0
Greece,2017,6893783.0
Greece,2018,6854336.0
Greece,2019,6824251.0
Greece,2020,6804846.0
Greece,2021,6760040.0
Greece,2022,6657643.0
Greece,2023,6628754.0
Greece,2024,6615112.0
Spain,1960,19517964.0
Spain,1962,19842403.0
Spain,1963,19961036.0
Spain,1964,20103192.0
Spain,1965,20274033.0
Spain,1966,20459574.0
Spain,1967,20624769.0
Spain,1968,20811919.0
Spain,1969,20963706.0
Spain,1970,21071339.0
Spain,1971,21290332.0
Spain,1972,21488079.0
Spain,1973,21717869.0
Spain,1974,21948078.0
Spain,1975,22180945.0
Spain,1976,22410602.0
Spain,1977,22645154.0
Spain,1978,22884974.0
Spain,1979,23149759.0
Spain,1980,23439813.0
Spain,1981,23722162.0
Spain,1982,24013295.0
Spain,1983,24294912.0
Spain,1984,24543762.0
Spain,1985,24798017.0
Spain,1986,25009411.0
Spain,1987,25210614.0
Spain,1988,25398011.0
Spain,1989,25581671.0
Spain,1990,25765691.0
Spain,1991,25951296.0
Spain,1992,26227365.0
Spain,1993,26515895.0
Spain,1994,26779242.0
Spain,1995,27017523.0
Spain,1996,27214618.0
Spain,1997,27397060.0
Spain,1998,27545673.0
Spain,1999,27664650.0
Spain,2000,27787317.0
Spain,2001,27894335.0
Spain,2002,28101689.0
Spain,2003,28681781.0
Spain,2004,29237075.0
Spain,2005,29864751.0
Spain,2006,30305552.0
Spain,2007,30851715.0
Spain,2008,31480274.0
Spain,2009,31745983.0
Spain,2010,31742426.0
Spain,2011,31670480.0
Spain,2012,31613238.0
Spain,2013,31379218.0
Spain,2014,31021212.0
Spain,2015,30832907.0
Spain,2016,30757167.0
Spain,2017,30743309.0
Spain,2018,30785600.0
Spain,2019,30975161.0
Spain,2020,31274248.0
Spain,2021,31374646.0
Spain,2022,31417513.0
Spain,2023,31860370.0
Spain,2024,32260950.0
Finland,1960,2740415.0
Finland,1961,2778234.0
Finland,1962,2823721.0
Finland,1963,2871854.0
Finland,1964,2915597.0
Finland,1965,2945486.0
Finland,1966,2970807.0
Finland,1967,2997456.0
Finland,1968,3031356.0
Finland,1969,3052806.0
Finland,1970,3049301.0
Finland,1971,3052298.0
Finland,1972,3088260.0
Finland,1973,3119467.0
Finland,1974,3146013.0
Finland,1975,3167012.0
Finland,1976,3181376.0
Finland,1977,3189506.0
Finland,1978,3200575.0
Finland,1979,3213952.0
Finland,1980,3227705.0
Finland,1981,3245187.0
Finland,1982,3269789.0
Finland,1983,3294150.0
Finland,1984,3315576.0
Finland,1985,3335973.0
Finland,1986,3341398.0
Finland,1987,3344656.0
Finland,1988,3346392.0
Finland,1989,3343437.0
Finland,1990,3350382.0
Finland,1991,3361310.0
Finland,1992,3378654.0
Finland,1993,3391451.0
Finland,1994,3401055.0
Finland,1995,3406792.0
Finland,1996,3412639.0
Finland,1997,3420598.0
Finland,1998,3433511.0
Finland,1999,3449681.0
Finland,2000,3461133.0
Finland,2001,3467584.0
Finland,2002,3475943.0
Finland,2003,3480722.0
Finland,2004,3486440.0
Finland,2005,3491111.0
Finland,2006,3507511.0
Finland,2007,3507057.0
Finland,2008,3530663.0
Finland,2009,3543084.0
Finland,2010,3552663.0
Finland,2011,3546558.0
Finland,2012,3532645.0
Finland,2013,3517089.0
Finland,2014,3499702.0
Finland,2015,3483757.0
Finland,2016,3468182.0
Finland,2017,3459144.0
Finland,2018,3443388.0
Finland,2019,3430848.0
Finland,2020,3422982.0
Finland,2021,3416994.0
Finland,2022,3417411.0
Finland,2023,3429131.0
Finland,2024,3462243.0
France,1991,38352048.0
France,1992,38435788.0
France,1993,38556799.0
France,1994,38645332.0
France,1995,38742911.0
France,1996,38853259.0
France,1997,38975321.0
France,1998,39094951.0
France,1999,39204000.0
France,2000,39401830.0
France,2001,39644822.0
France,2002,39916878.0
France,2003,40206348.0
France,2004,40514381.0
France,2005,40827143.0
France,2006,41164259.0
France,2007,41469030.0
France,2008,41682997.0
France,2009,41808724.0
France,2010,41912055.0
France,2011,42032813.0
France,2012,41958592.0
France,2013,41882640.0
France,2014,41953896.0
France,2015,41877855.0
France,2016,41788201.0
France,2017,41700220.0
France,2018,41673984.0
France,2019,41711222.0
France,2020,41687555.0
France,2021,41790172.0
France,2022,42003862.0
France,2023,42093173.0
France,2024,42181570.0
Georgia,2006,2960434.0
Georgia,2007,2972183.0
Georgia,2008,2984141.0
Georgia,2009,3005546.0
Georgia,2010,3058128.0
Georgia,2011,3092875.0
Georgia,2012,3120625.0
Georgia,2014,3094086.0
Georgia,2015,2561300.0
Georgia,2016,2475700.0
Georgia,2017,2456700.0
Georgia,2018,2438481.0
Georgia,2019,2416279.0
Georgia,2020,2396129.0
Georgia,2021,2395162.0
Georgia,2022,2351303.0
Georgia,2023,2382938.0
Georgia,2024,2376293.0
Croatia,2001,2879561.0
Croatia,2002,2879911.0
Croatia,2003,2874756.0
Croatia,2004,2875455.0
Croatia,2005,2877177.0
Croatia,2006,2876255.0
Croatia,2007,2879008.0
Croatia,2008,2875029.0
Croatia,2009,2874829.0
Croatia,2010,2874575.0
Croatia,2011,2874289.0
Croatia,2012,2865462.0
Croatia,2013,2841889.0
Croatia,2014,2814130.0
Croatia,2015,2773846.0
Croatia,2016,2725523.0
Croatia,2017,2673296.0
Croatia,2018,2607941.0
Croatia,2019,2557506.0
Croatia,2020,2515706.0
Croatia,2021,2474275.0
Croatia,2022,2441548.0
Croatia,2023,2426393.0
Croatia,2024,2430752.0
Hungary,1960,6541330.0
Hungary,1961,6566437.0
Hungary,1962,6591452.0
Hungary,1963,6629709.0
Hungary,1964,6672314.0
Hungary,1965,6715992.0
Hungary,1966,6757839.0
Hungary,1967,6800942.0
Hungary,1968,6835228.0
Hungary,1969,6889646.0
Hungary,1970,6961094.0
Hungary,1971,7023037.0
Hungary,1972,7062290.0
Hungary,1973,7076522.0
Hungary,1974,7079580.0
Hungary,1975,7072411.0
Hungary,1976,7059694.0
Hungary,1977,7043644.0
Hungary,1978,7012005.0
Hungary,1979,6985796.0
Hungary,1980,6918844.0
Hungary,1981,6928684.0
Hungary,1982,6960753.0
Hungary,1983,7004932.0
Hungary,1984,7051666.0
Hungary,1985,7051247.0
Hungary,1986,7036300.0
Hungary,1987,7017182.0
Hungary,1988,7002199.0
Hungary,1989,6994490.0
Hungary,1990,6870352.0
Hungary,1991,6909479.0
Hungary,1992,6940171.0
Hungary,1993,6965838.0
Hungary,1994,6978224.0
Hungary,1995,6986961.0
Hungary,1996,6984177.0
Hungary,1997,6986328.0
Hungary,1998,6979978.0
Hungary,1999,6969564.0
Hungary,2000,6961322.0
Hungary,2001,6963321.0
Hungary,2002,6962825.0
Hungary,2003,6949429.0
Hungary,2004,6943535.0
Hungary,2005,6940253.0
Hungary,2006,6932426.0
Hungary,2007,6931386.0
Hungary,2008,6912704.0
Hungary,2009,6898089.0
Hungary,2010,6873985.0
Hungary,2011,6857377.0
Hungary,2012,6815721.0
Hungary,2013,6769685.0
Hungary,2014,6706782.0
Hungary,2015,6645159.0
Hungary,2016,6584888.0
Hungary,2017,6519358.0
Hungary,2018,6474947.0
Hungary,2019,6428941.0
Hungary,2020,6371538.0
Hungary,2021,6302526.0
Hungary,2022,6254101.0
Hungary,2023,6235157.0
Hungary,2024,6216004.0
Ireland,1960,1645100.0
Ireland,1961,1629500.0
Ireland,1962,1630400.0
Ireland,1963,1640100.0
Ireland,1964,1647800.0
Ireland,1965,1654700.0
Ireland,1966,1659400.0
Ireland,1967,1667600.0
Ireland,1968,1675700.0
Ireland,1969,1683600.0
Ireland,1970,1696400.0
Ireland,1971,1712600.0
Ireland,1972,1739900.0
Ireland,1973,1771400.0
Ireland,1974,1804700.0
Ireland,1975,1839300.0
Ireland,1976,1873700.0
Ireland,1977,1904600.0
Ireland,1978,1933500.0
Ireland,1979,1967800.0
Ireland,1980,1994977.0
Ireland,1981,2023200.0
Ireland,1982,2051800.0
Ireland,1983,2073300.0
Ireland,1984,2099600.0
Ireland,1985,2122355.0
Ireland,1986,2138800.0
Ireland,1987,2140860.0
Ireland,1988,2143695.0
Ireland,1989,2139931.0
Ireland,1990,2148188.0
Ireland,1991,2174621.0
Ireland,1992,2209058.0
Ireland,1993,2241450.0
Ireland,1994,2271358.0
Ireland,1995,2303739.0
Ireland,1996,2342670.0
Ireland,1997,2389845.0
Ireland,1998,2435817.0
Ireland,1999,2478626.0
Ireland,2000,2524924.0
Ireland,2001,2576593.0
Ireland,2002,2637791.0
Ireland,2003,2690896.0
Ireland,2004,2739580.0
Ireland,2005,2804027.0
Ireland,2006,2884499.0
Ireland,2007,2991859.0
Ireland,2008,3069974.0
Ireland,2009,3094398.0
Ireland,2010,3085837.0
Ireland,2011,3071918.0
Ireland,2012,3057937.0
Ireland,2013,3052776.0
Ireland,2014,3056597.0
Ireland,2015,3071360.0
Ireland,2016,3097263.0
Ireland,2017,3139134.0
Ireland,2018,3172248.0
Ireland,2019,3228829.0
Ireland,2020,3275524.0
Ireland,2021,3312151.0
Ireland,2022,3368551.0
Ireland,2023,3451439.0
Ireland,2024,3511629.0
Iceland,1960,99385.0
Iceland,1961,100924.0
Iceland,1962,102666.0
Iceland,1963,104483.0
Iceland,1964,106493.0
Iceland,1965,108620.0
Iceland,1966,110798.0
Iceland,1967,113118.0
Iceland,1968,115376.0
Iceland,1969,117546.0
Iceland,1970,119051.0
Iceland,1971,120424.0
Iceland,1972,122812.0
Iceland,1973,125839.0
Iceland,1974,128222.0
Iceland,1975,131151.0
Iceland,1976,133824.0
Iceland,1977,135611.0
Iceland,1978,137503.0
Iceland,1979,139671.0
Iceland,1980,141812.0
Iceland,1981,143929.0
Iceland,1982,146520.0
Iceland,1983,149096.0
Iceland,1984,151142.0
Iceland,1985,152993.0
Iceland,1986,154312.0
Iceland,1987,155874.0
Iceland,1988,158885.0
Iceland,1989,162309.0
Iceland,1990,163501.0
Iceland,1991,164770.0
Iceland,1992,167511.0
Iceland,1993,168644.0
Iceland,1994,170169.0
Iceland,1995,171630.0
Iceland,1996,172553.0
Iceland,1997,174142.0
Iceland,1998,176305.0
Iceland,1999,179099.0
Iceland,2000,181659.0
Iceland,2001,184709.0
Iceland,2002,187001.0
Iceland,2003,188541.0
Iceland,2004,190670.0
Iceland,2005,193439.0
Iceland,2006,199499.0
Iceland,2007,206572.0
Iceland,2008,213071.0
Iceland,2009,215611.0
Iceland,2010,213067.0
Iceland,2011,212687.0
Iceland,2012,212970.0
Iceland,2013,213714.0
Iceland,2014,215820.0
Iceland,2015,217557.0
Iceland,2016,219916.0
Iceland,2017,224092.0
Iceland,2018,232060.0
Iceland,2019,238435.0
Iceland,2020,243442.0
Iceland,2021,245444.0
Iceland,2022,250078.0
Iceland,2023,258959.0
Iceland,2024,253761.0
Italy,1960,33027700.0
Italy,1961,33158300.0
Italy,1962,33419300.0
Italy,1963,33692200.0
Italy,1964,33967000.0
Italy,1965,34169000.0
Italy,1966,34341600.0
Italy,1967,34459300.0
Italy,1968,34543600.0
Italy,1969,34632800.0
Italy,1970,34698600.0
Italy,1971,34768300.0
Italy,1972,34823601.0
Italy,1973,34973546.0
Italy,1974,35084860.0
Italy,1975,35236457.0
Italy,1976,35415725.0
Italy,1977,35606952.0
Italy,1978,35787692.0
Italy,1979,36008706.0
Italy,1980,36297147.0
Italy,1981,36591303.0
Italy,1982,36994183.0
Italy,1983,37405371.0
Italy,1984,37825720.0
Italy,1985,38176262.0
Italy,1986,38292948.0
Italy,1987,38436150.0
Italy,1988,38567967.0
Italy,1989,38693084.0
Italy,1990,38829361.0
Italy,1991,38933731.0
Italy,1992,39244363.0
Italy,1993,39209285.0
Italy,1994,39164968.0
Italy,1995,39081251.0
Italy,1996,38930547.0
Italy,1997,38818518.0
Italy,1998,38719626.0
Italy,1999,38598197.0
Italy,2000,38468503.0
Italy,2001,38341540.0
Italy,2002,38233212.0
Italy,2003,38200221.0
Italy,2004,38398646.0
Italy,2005,38521101.0
Italy,2006,38497983.0
Italy,2007,38515699.0
Italy,2008,38803819.0
Italy,2009,39016594.0
Italy,2010,39121223.0
Italy,2011,39254100.0
Italy,2012,39151734.0
Italy,2013,39100651.0
Italy,2014,38971624.0
Italy,2015,38788563.0
Italy,2016,38619527.0
Italy,2017,38489304.0
Italy,2018,38369949.0
Italy,2019,38251571.0
Italy,2020,38054844.0
Italy,2021,37658137.0
Italy,2022,37488934.0
Italy,2023,37471805.0
Italy,2024,37428227.0
Liechtenstein,1960,10369.0
Liechtenstein,1961,10514.0
Liechtenstein,1962,10901.0
Liechtenstein,1963,11429.0
Liechtenstein,1964,11970.0
Liechtenstein,1965,12509.0
Liechtenstein,1966,12541.0
Liechtenstein,1967,12998.0
Liechtenstein,1968,13403.0
Liechtenstein,1969,13939.0
Liechtenstein,1971,13708.0
Liechtenstein,1973,14651.0
Liechtenstein,1974,15231.0
Liechtenstein,1975,15718.0
Liechtenstein,1976,15953.0
Liechtenstein,1977,16136.0
Liechtenstein,1978,16558.0
Liechtenstein,1979,17208.0
Liechtenstein,1980,17681.0
Liechtenstein,1981,17160.0
Liechtenstein,1982,17960.0
Liechtenstein,1983,18192.0
Liechtenstein,1984,18416.0
Liechtenstein,1985,18657.0
Liechtenstein,1986,19041.0
Liechtenstein,1987,19284.0
Liechtenstein,1988,19503.0
Liechtenstein,1989,19906.0
Liechtenstein,1990,20088.0
Liechtenstein,1991,20619.0
Liechtenstein,1992,20728.0
Liechtenstein,1993,21043.0
Liechtenstein,1994,21287.0
Liechtenstein,1995,21336.0
Liechtenstein,1996,21845.0
Liechtenstein,1997,22065.0
Liechtenstein,1998,22229.0
Liechtenstein,1999,22723.0
Liechtenstein,2000,22981.0
Liechtenstein,2001,23328.0
Liechtenstein,2002,23824.0
Liechtenstein,2003,24038.0
Liechtenstein,2004,24426.0
Liechtenstein,2005,24660.0
Liechtenstein,2006,24811.0
Liechtenstein,2007,24981.0
Liechtenstein,2008,25053.0
Liechtenstein,2009,25141.0
Liechtenstein,2010,25160.0
Liechtenstein,2011,25352.0
Liechtenstein,2012,25474.0
Liechtenstein,2013,25651.0
Liechtenstein,2014,25710.0
Liechtenstein,2015,25743.0
Liechtenstein,2016,25813.0
Liechtenstein,2017,25774.0
Liechtenstein,2018,25848.0
Liechtenstein,2019,25862.0
Liechtenstein,2020,25982.0
Liechtenstein,2021,26079.0
Liechtenstein,2022,26046.0
Liechtenstein,2023,26142.0
Liechtenstein,2024,26155.0
Lithuania,1970,1958935.0
Lithuania,1971,1994059.0
Lithuania,1972,2012829.0
Lithuania,1973,2032005.0
Lithuania,1974,2055488.0
Lithuania,1975,2085433.0
Lithuania,1976,2115915.0
Lithuania,1977,2147536.0
Lithuania,1978,2175031.0
Lithuania,1979,2203168.0
Lithuania,1980,2216756.0
Lithuania,1981,2238735.0
Lithuania,1982,2264345.0
Lithuania,1983,2294150.0
Lithuania,1984,2324329.0
Lithuania,1985,2350872.0
Lithuania,1986,2377061.0
Lithuania,1987,2404029.0
Lithuania,1988,2428749.0
Lithuania,1989,2451877.0
Lithuania,1990,2460639.0
Lithuania,1991,2459739.0
Lithuania,1992,2456309.0
Lithuania,1993,2439979.0
Lithuania,1994,2420160.0
Lithuania,1995,2401512.0
Lithuania,1996,2380613.0
Lithuania,1997,2361462.0
Lithuania,1998,2342994.0
Lithuania,1999,2329191.0
Lithuania,2000,2319462.0
Lithuania,2001,2315424.0
Lithuania,2002,2298810.0
Lithuania,2003,2293882.0
Lithuania,2004,2275859.0
Lithuania,2005,2250477.0
Lithuania,2006,2208939.0
Lithuania,2007,2188192.0
Lithuania,2008,2169097.0
Lithuania,2009,2154431.0
Lithuania,2010,2127043.0
Lithuania,2011,2052863.0
Lithuania,2012,2016247.0
Lithuania,2013,1996210.0
Lithuania,2014,1976553.0
Lithuania,2015,1956868.0
Lithuania,2016,1927730.0
Lithuania,2017,1891584.0
Lithuania,2018,1858283.0
Lithuania,2019,1844088.0
Lithuania,2020,1838697.0
Lithuania,2021,1833750.0
Lithuania,2022,1827984.0
Lithuania,2023,1858486.0
Lithuania,2024,1880024.0
Luxembourg,1960,212425.0
Luxembourg,1961,213675.0
Luxembourg,1965,216936.0
Luxembourg,1967,220078.0
Luxembourg,1970,221382.0
Luxembourg,1971,221835.0
Luxembourg,1972,226393.0
Luxembourg,1973,229260.0
Luxembourg,1974,233741.0
Luxembourg,1975,238776.0
Luxembourg,1976,242152.0
Luxembourg,1977,243549.0
Luxembourg,1978,244832.0
Luxembourg,1979,246069.0
Luxembourg,1980,244938.0
Luxembourg,1981,247308.0
Luxembourg,1982,249278.0
Luxembourg,1983,250839.0
Luxembourg,1984,252915.0
Luxembourg,1985,254419.0
Luxembourg,1986,255673.0
Luxembourg,1987,257741.0
Luxembourg,1988,259528.0
Luxembourg,1989,260617.0
Luxembourg,1990,263086.0
Luxembourg,1991,265595.0
Luxembourg,1992,268011.0
Luxembourg,1993,270241.0
Luxembourg,1994,272506.0
Luxembourg,1995,274768.0
Luxembourg,1996,277558.0
Luxembourg,1997,280132.0
Luxembourg,1998,282899.0
Luxembourg,1999,285858.0
Luxembourg,2000,289608.0
Luxembourg,2001,294943.0
Luxembourg,2002,298177.0
Luxembourg,2003,300955.0
Luxembourg,2004,306160.0
Luxembourg,2005,310444.0
Luxembourg,2006,316577.0
Luxembourg,2007,322085.0
Luxembourg,2008,328287.0
Luxembourg,2009,336015.0
Luxembourg,2010,342909.0
Luxembourg,2011,350713.0
Luxembourg,2012,361617.0
Luxembourg,2013,370749.0
Luxembourg,2014,379752.0
Luxembourg,2015,389371.0
Luxembourg,2016,399401.0
Luxembourg,2017,410613.0
Luxembourg,2018,418675.0
Luxembourg,2019,426959.0
Luxembourg,2020,435244.0
Luxembourg,2021,440598.0
Luxembourg,2022,447525.0
Luxembourg,2023,457774.0
Luxembourg,2024,465273.0
Latvia,1970,1559600.0
Latvia,1971,1570556.0
Latvia,1972,1579295.0
Latvia,1973,1588935.0
Latvia,1974,1605324.0
Latvia,1975,1620087.0
Latvia,1976,1632889.0
Latvia,1977,1644040.0
Latvia,1978,1656198.0
Latvia,1979,1665584.0
Latvia,1980,1669164.0
Latvia,1981,1675168.0
Latvia,1982,1686113.0
Latvia,1983,1699898.0
Latvia,1984,1710197.0
Latvia,1985,1722526.0
Latvia,1986,1736390.0
Latvia,1987,1751904.0
Latvia,1988,1769452.0
Latvia,1989,1781166.0
Latvia,1990,1780927.0
Latvia,1991,1773456.0
Latvia,1992,1748859.0
Latvia,1993,1703034.0
Latvia,1994,1669631.0
Latvia,1995,1642408.0
Latvia,1996,1623713.0
Latvia,1997,1611402.0
Latvia,1998,1601584.0
Latvia,1999,1599590.0
Latvia,2000,1600317.0
Latvia,2001,1589528.0
Latvia,2002,1575125.0
Latvia,2003,1565880.0
Latvia,2004,1554128.0
Latvia,2005,1538628.0
Latvia,2006,1525552.0
Latvia,2007,1510810.0
Latvia,2008,1499061.0
Latvia,2009,1472780.0
Latvia,2010,1436033.0
Latvia,2011,1398922.0
Latvia,2012,1373105.0
Latvia,2013,1351725.0
Latvia,2014,1325469.0
Latvia,2015,1303300.0
Latvia,2016,1282112.0
Latvia,2017,1258620.0
Latvia,2018,1240232.0
Latvia,2019,1225909.0
Latvia,2020,1211074.0
Latvia,2021,1196547.0
Latvia,2022,1184142.0
Latvia,2023,1187613.0
Latvia,2024,1179615.0
Monaco,2024,22714.0
Moldova,2006,2578953.0
Moldova,2007,2562107.0
Moldova,2008,2575848.0
Moldova,2009,2592561.0
Moldova,2010,2607398.0
Moldova,2011,2619547.0
Moldova,2012,2628642.0
Moldova,2013,2632549.0
Moldova,2014,2631285.0
Moldova,2015,2043276.0
Moldova,2016,2007545.0
Moldova,2017,1975004.0
Moldova,2018,1917241.0
Moldova,2019,1859487.0
Moldova,2020,1814393.0
Moldova,2021,1774120.0
Moldova,2022,1703779.0
Moldova,2023,1656010.0
Moldova,2024,1578333.0
Montenegro,2000,402729.0
Montenegro,2001,404791.0
Montenegro,2002,406281.0
Montenegro,2003,407643.0
Montenegro,2004,408955.0
Montenegro,2005,409568.0
Montenegro,2006,409787.0
Montenegro,2007,412171.0
Montenegro,2008,414049.0
Montenegro,2009,416217.0
Montenegro,2010,418247.0
Montenegro,2011,421233.0
Montenegro,2012,422533.0
Montenegro,2013,422983.0
Montenegro,2014,423158.0
Montenegro,2015,422037.0
Montenegro,2016,420593.0
Montenegro,2017,419296.0
Montenegro,2018,417964.0
Montenegro,2019,416115.0
Montenegro,2020,413393.0
Montenegro,2021,410812.0
Montenegro,2022,408032.0
Montenegro,2023,405428.0
Montenegro,2024,405908.0
North Macedonia,1994,1286161.0
North Macedonia,1995,1302865.0
North Macedonia,1996,1316431.0
North Macedonia,1997,1330744.0
North Macedonia,1998,1343329.0
North Macedonia,1999,1354001.0
North Macedonia,2000,1364882.0
North Macedonia,2001,1375880.0
North Macedonia,2002,1385785.0
North Macedonia,2003,1383671.0
North Macedonia,2004,1396477.0
North Macedonia,2005,1406550.0
North Macedonia,2006,1414995.0
North Macedonia,2007,1426065.0
North Macedonia,2008,1434295.0
North Macedonia,2009,1442098.0
North Macedonia,2010,1450200.0
North Macedonia,2011,1456785.0
North Macedonia,2012,1462734.0
North Macedonia,2013,1463266.0
North Macedonia,2014,1461625.0
North Macedonia,2015,1459086.0
North Macedonia,2016,1457092.0
North Macedonia,2017,1455198.0
North Macedonia,2018,1449869.0
North Macedonia,2019,1445077.0
North Macedonia,2020,1438810.0
North Macedonia,2021,1430046.0
North Macedonia,2022,1210898.0
North Macedonia,2023,1198647.0
North Macedonia,2024,1191057.0
Malta,1977,202430.0
Malta,1978,206566.0
Malta,1979,208846.0
Malta,1980,212160.0
Malta,1981,214540.0
Malta,1982,216315.0
Malta,1984,219811.0
Malta,1985,221507.0
Malta,1986,225227.0
Malta,1987,226679.0
Malta,1988,228326.0
Malta,1989,230665.0
Malta,1990,232695.0
Malta,1991,235454.0
Malta,1992,238489.0
Malta,1993,241271.0
Malta,1994,244558.0
Malta,1995,247792.0
Malta,1996,250395.0
Malta,1997,249378.0
Malta,1998,252055.0
Malta,1999,254451.0
Malta,2000,256692.0
Malta,2001,265864.0
Malta,2002,268968.0
Malta,2003,271954.0
Malta,2004,274860.0
Malta,2005,278039.0
Malta,2006,279934.0
Malta,2007,282076.0
Malta,2008,285543.0
Malta,2009,288201.0
Malta,2010,288971.0
Malta,2011,287586.0
Malta,2012,287233.0
Malta,2013,287922.0
Malta,2014,290447.0
Malta,2015,296565.0
Malta,2016,303233.0
Malta,2017,308971.0
Malta,2018,320973.0
Malta,2019,335805.0
Malta,2020,353665.0
Malta,2021,352914.0
Malta,2022,354465.0
Malta,2023,372319.0
Malta,2024,390555.0
Netherlands,1960,6974587.0
Netherlands,1961,7043748.0
Netherlands,1962,7198269.0
Netherlands,1963,7345931.0
Netherlands,1964,7466060.0
Netherlands,1965,7585972.0
Netherlands,1966,7702387.0
Netherlands,1967,7813337.0
Netherlands,1968,7895573.0
Netherlands,1969,7991704.0
Netherlands,1970,8097695.0
Netherlands,1971,8213614.0
Netherlands,1972,8330072.0
Netherlands,1973,8432028.0
Netherlands,1974,8537437.0
Netherlands,1975,8655985.0
Netherlands,1976,8800690.0
Netherlands,1977,8920133.0
Netherlands,1978,9034048.0
Netherlands,1979,9156386.0
Netherlands,1980,9291570.0
Netherlands,1981,9432356.0
Netherlands,1982,9544031.0
Netherlands,1983,9648319.0
Netherlands,1984,9756104.0
Netherlands,1985,9873880.0
Netherlands,1986,9972009.0
Netherlands,1987,10065596.0
Netherlands,1988,10156173.0
Netherlands,1989,10218645.0
Netherlands,1990,10272081.0
Netherlands,1991,10338470.0
Netherlands,1992,10404540.0
Netherlands,1993,10462594.0
Netherlands,1994,10517827.0
Netherlands,1995,10552179.0
Netherlands,1996,10585196.0
Netherlands,1997,10621915.0
Netherlands,1998,10661543.0
Netherlands,1999,10713380.0
Netherlands,2000,10765965.0
Netherlands,2001,10835036.0
Netherlands,2002,10908323.0
Netherlands,2003,10962028.0
Netherlands,2004,10991174.0
Netherlands,2005,11008282.0
Netherlands,2006,11019167.0
Netherlands,2007,11031025.0
Netherlands,2008,11054849.0
Netherlands,2009,11090914.0
Netherlands,2010,11123750.0
Netherlands,2011,11153778.0
Netherlands,2012,11117321.0
Netherlands,2013,11077308.0
Netherlands,2014,11060191.0
Netherlands,2015,11065975.0
Netherlands,2016,11094040.0
Netherlands,2017,11140079.0
Netherlands,2018,11179344.0
Netherlands,2019,11228340.0
Netherlands,2020,11288931.0
Netherlands,2021,11306149.0
Netherlands,2022,11352758.0
Netherlands,2023,11482747.0
Netherlands,2024,11551674.0
Norway,1960,2248731.0
Norway,1961,2266774.0
Norway,1962,2293127.0
Norway,1963,2315219.0
Norway,1964,2333911.0
Norway,1965,2349029.0
Norway,1966,2362672.0
Norway,1967,2374265.0
Norway,1968,2390315.0
Norway,1969,2405779.0
Norway,1970,2421186.0
Norway,1971,2434771.0
Norway,1972,2452219.0
Norway,1973,2469524.0
Norway,1974,2484563.0
Norway,1975,2498944.0
Norway,1976,2511727.0
Norway,1977,2525543.0
Norway,1978,2538665.0
Norway,1979,2552839.0
Norway,1980,2568365.0
Norway,1981,2585621.0
Norway,1982,2605433.0
Norway,1983,2623239.0
Norway,1984,2641525.0
Norway,1985,2662615.0
Norway,1986,2675066.0
Norway,1987,2693332.0
Norway,1988,2716462.0
Norway,1989,2734003.0
Norway,1990,2741315.0
Norway,1991,2751158.0
Norway,1992,2763857.0
Norway,1993,2777841.0
Norway,1994,2794149.0
Norway,1995,2808601.0
Norway,1996,2821699.0
Norway,1997,2835512.0
Norway,1998,2852913.0
Norway,1999,2874968.0
Norway,2000,2900748.0
Norway,2001,2922179.0
Norway,2002,2941945.0
Norway,2003,2968348.0
Norway,2004,2992562.0
Norway,2005,3019325.0
Norway,2006,3050939.0
Norway,2007,3089606.0
Norway,2008,3136486.0
Norway,2009,3182224.0
Norway,2010,3217801.0
Norway,2011,3256353.0
Norway,2012,3294281.0
Norway,2013,3333277.0
Norway,2014,3365653.0
Norway,2015,3399107.0
Norway,2016,3424930.0
Norway,2017,3445785.0
Norway,2018,3460260.0
Norway,2019,3474413.0
Norway,2020,3495637.0
Norway,2021,3504036.0
Norway,2022,3519809.0
Norway,2023,3561456.0
Norway,2024,3602907.0
Poland,1960,17976000.0
Poland,1965,19410100.0
Poland,1970,21122700.0
Poland,1975,22490898.0
Poland,1980,23253504.0
Poland,1985,24146803.0
Poland,1990,24639820.0
Poland,1991,24776208.0
Poland,1992,24941408.0
Poland,1993,25109327.0
Poland,1994,25267612.0
Poland,1995,25438646.0
Poland,1996,25596506.0
Poland,1997,25767416.0
Poland,1998,25971776.0
Poland,1999,26211400.0
Poland,2000,26037307.0
Poland,2001,26233729.0
Poland,2002,26392105.0
Poland,2003,26526592.0
Poland,2004,26659118.0
Poland,2005,26778325.0
Poland,2006,26892057.0
Poland,2007,26986609.0
Poland,2008,27083387.0
Poland,2009,27160149.0
Poland,2010,27043852.0
Poland,2011,27076627.0
Poland,2012,26985541.0
Poland,2013,26843044.0
Poland,2014,26639091.0
Poland,2015,26431118.0
Poland,2016,26198877.0
Poland,2017,25956990.0
Poland,2018,25692538.0
Poland,2019,25432977.0
Poland,2020,25179321.0
Poland,2021,24292739.0
Poland,2022,24014336.0
Poland,2023,23774511.0
Poland,2024,23583311.0
Portugal,1960,5543730.0
Portugal,1961,5588868.0
Portugal,1962,5642000.0
Portugal,1963,5668810.0
Portugal,1964,5692950.0
Portugal,1965,5682740.0
Portugal,1966,5609940.0
Portugal,1967,5541860.0
Portugal,1968,5503450.0
Portugal,1969,5462940.0
Portugal,1970,5378350.0
Portugal,1971,5358797.0
Portugal,1972,5327270.0
Portugal,1973,5340110.0
Portugal,1974,5358430.0
Portugal,1975,5541510.0
Portugal,1976,5783050.0
Portugal,1977,5847660.0
Portugal,1978,5921400.0
Portugal,1979,6004600.0
Portugal,1980,6094040.0
Portugal,1981,6190166.0
Portugal,1982,6259828.0
Portugal,1983,6324472.0
Portugal,1984,6387144.0
Portugal,1985,6447107.0
Portugal,1986,6483425.0
Portugal,1987,6516218.0
Portugal,1988,6544703.0
Portugal,1989,6569746.0
Portugal,1990,6593050.0
Portugal,1991,6620653.0
Portugal,1992,6635389.0
Portugal,1993,6663818.0
Portugal,1994,6692136.0
Portugal,1995,6730554.0
Portugal,1996,6766666.0
Portugal,1997,6801726.0
Portugal,1998,6837989.0
Portugal,1999,6873721.0
Portugal,2000,6914880.0
Portugal,2001,6963754.0
Portugal,2002,6992760.0
Portugal,2003,7012599.0
Portugal,2004,7018275.0
Portugal,2005,7015481.0
Portugal,2006,7018372.0
Portugal,2007,7027921.0
Portugal,2008,7039144.0
Portugal,2009,7033726.0
Portugal,2010,7025090.0
Portugal,2011,7001126.0
Portugal,2012,6952259.0
Portugal,2013,6894640.0
Portugal,2014,6825389.0
Portugal,2015,6771316.0
Portugal,2016,6736280.0
Portugal,2017,6691202.0
Portugal,2018,6657888.0
Portugal,2019,6630739.0
Portugal,2020,6624597.0
Portugal,2021,6607987.0
Portugal,2022,6601650.0
Portugal,2023,6644245.0
Portugal,2024,6711383.0
Romania,1968,12961538.0
Romania,1969,13030331.0
Romania,1970,13177876.0
Romania,1971,13344473.0
Romania,1972,13491416.0
Romania,1973,13618187.0
Romania,1974,13727273.0
Romania,1975,13811395.0
Romania,1976,13901847.0
Romania,1977,13929687.0
Romania,1978,13943083.0
Romania,1979,13983196.0
Romania,1980,13971500.0
Romania,1981,14024070.0
Romania,1982,14082300.0
Romania,1983,14409825.0
Romania,1984,14732076.0
Romania,1985,14902056.0
Romania,1986,15032211.0
Romania,1987,15116863.0
Romania,1988,15182592.0
Romania,1989,15238516.0
Romania,1990,15319481.0
Romania,1991,15349290.0
Romania,1992,15117874.0
Romania,1993,15183464.0
Romania,1994,15240392.0
Romania,1995,15293661.0
Romania,1996,15328399.0
Romania,1997,15349951.0
Romania,1998,15324333.0
Romania,1999,15314212.0
Romania,2000,15334507.0
Romania,2001,15365942.0
Romania,2002,14933247.0
Romania,2003,14769705.0
Romania,2004,14706931.0
Romania,2005,14620291.0
Romania,2006,14535298.0
Romania,2007,14451762.0
Romania,2008,14076280.0
Romania,2009,13918896.0
Romania,2010,13813917.0
Romania,2011,13745179.0
Romania,2012,13669398.0
Romania,2013,13622267.0
Romania,2014,13556053.0
Romania,2015,13414063.0
Romania,2016,13258418.0
Romania,2017,13090544.0
Romania,2018,12925369.0
Romania,2019,12775859.0
Romania,2020,12635697.0
Romania,2021,12469723.0
Romania,2022,12247111.0
Romania,2023,12228835.0
Romania,2024,12217406.0
Serbia,1999,5103428.0
Serbia,2000,5078636.0
Serbia,2001,5058655.0
Serbia,2002,5050473.0
Serbia,2003,5033334.0
Serbia,2004,5015219.0
Serbia,2005,5001697.0
Serbia,2006,4981775.0
Serbia,2007,4972616.0
Serbia,2008,4962424.0
Serbia,2009,4956468.0
Serbia,2010,4953525.0
Serbia,2011,4957345.0
Serbia,2012,4931378.0
Serbia,2013,4886359.0
Serbia,2014,4833501.0
Serbia,2015,4776801.0
Serbia,2016,4712261.0
Serbia,2017,4665329.0
Serbia,2018,4601877.0
Serbia,2019,4545476.0
Serbia,2020,4485904.0
Serbia,2021,4430612.0
Serbia,2022,4375357.0
Serbia,2023,4213083.0
Serbia,2024,4168659.0
Russia,2006,101636922.0
Russia,2007,101385551.0
Russia,2008,101595663.0
Russia,2009,101913078.0
Russia,2010,102223231.0
Russia,2011,102942394.0
Russia,2014,101427382.0
Sweden,1960,4906463.0
Sweden,1961,4946441.0
Sweden,1962,4995099.0
Sweden,1963,5035540.0
Sweden,1964,5072758.0
Sweden,1965,5113811.0
Sweden,1966,5153815.0
Sweden,1967,5182093.0
Sweden,1968,5196433.0
Sweden,1969,5211602.0
Sweden,1970,5247939.0
Sweden,1971,5285962.0
Sweden,1972,5287461.0
Sweden,1973,5273617.0
Sweden,1974,5260099.0
Sweden,1975,5258234.0
Sweden,1976,5260259.0
Sweden,1977,5267286.0
Sweden,1978,5279092.0
Sweden,1979,5292854.0
Sweden,1980,5316341.0
Sweden,1981,5340513.0
Sweden,1982,5359339.0
Sweden,1983,5376091.0
Sweden,1984,5386655.0
Sweden,1985,5396885.0
Sweden,1986,5392027.0
Sweden,1987,5400693.0
Sweden,1988,5420391.0
Sweden,1989,5446351.0
Sweden,1990,5487570.0
Sweden,1991,5516232.0
Sweden,1992,5535247.0
Sweden,1993,5551503.0
Sweden,1994,5573474.0
Sweden,1995,5613601.0
Sweden,1996,5628802.0
Sweden,1997,5639778.0
Sweden,1998,5650799.0
Sweden,1999,5668204.0
Sweden,2000,5689170.0
Sweden,2001,5721107.0
Sweden,2002,5756789.0
Sweden,2003,5795068.0
Sweden,2004,5835426.0
Sweden,2005,5873476.0
Sweden,2006,5921599.0
Sweden,2007,5982233.0
Sweden,2008,6032781.0
Sweden,2009,6068864.0
Sweden,2010,6100463.0
Sweden,2011,6113365.0
Sweden,2012,6113917.0
Sweden,2013,6115751.0
Sweden,2014,6126556.0
Sweden,2015,6152438.0
Sweden,2016,6186647.0
Sweden,2017,6257302.0
Sweden,2018,6319419.0
Sweden,2019,6374745.0
Sweden,2020,6427401.0
Sweden,2021,6453411.0
Sweden,2022,6494457.0
Sweden,2023,6545326.0
Sweden,2024,6573374.0
Slovenia,1982,1260770.0
Slovenia,1983,1279421.0
Slovenia,1984,1295861.0
Slovenia,1985,1307211.0
Slovenia,1986,1316205.0
Slovenia,1987,1353070.0
Slovenia,1988,1360944.0
Slovenia,1989,1363367.0
Slovenia,1990,1366532.0
Slovenia,1991,1372530.0
Slovenia,1992,1376488.0
Slovenia,1993,1376316.0
Slovenia,1994,1376354.0
Slovenia,1995,1380754.0
Slovenia,1996,1380748.0
Slovenia,1997,1383189.0
Slovenia,1998,1384429.0
Slovenia,1999,1381118.0
Slovenia,2000,1391981.0
Slovenia,2001,1395282.0
Slovenia,2002,1398757.0
Slovenia,2003,1401260.0
Slovenia,2004,1404768.0
Slovenia,2005,1404428.0
Slovenia,2006,1407263.0
Slovenia,2007,1409667.0
Slovenia,2008,1402922.0
Slovenia,2009,1414279.0
Slovenia,2010,1421436.0
Slovenia,2011,1420392.0
Slovenia,2012,1416347.0
Slovenia,2013,1408581.0
Slovenia,2014,1399926.0
Slovenia,2015,1389178.0
Slovenia,2016,1377696.0
Slovenia,2017,1366875.0
Slovenia,2018,1354941.0
Slovenia,2019,1354148.0
Slovenia,2020,1356055.0
Slovenia,2021,1355531.0
Slovenia,2022,1344499.0
Slovenia,2023,1345733.0
Slovenia,2024,1348592.0
Slovakia,1960,2448130.0
Slovakia,1961,2563165.0
Slovakia,1962,2586769.0
Slovakia,1963,2618262.0
Slovakia,1964,2650722.0
Slovakia,1965,2681307.0
Slovakia,1966,2717312.0
Slovakia,1967,2758284.0
Slovakia,1968,2797850.0
Slovakia,1969,2836869.0
Slovakia,1970,2875392.0
Slovakia,1971,2883674.0
Slovakia,1972,2922216.0
Slovakia,1973,2959189.0
Slovakia,1974,2990611.0
Slovakia,1975,3014843.0
Slovakia,1976,3042233.0
Slovakia,1977,3070273.0
Slovakia,1978,3093864.0
Slovakia,1979,3118859.0
Slovakia,1980,3143236.0
Slovakia,1981,3174579.0
Slovakia,1982,3213636.0
Slovakia,1983,3250739.0
Slovakia,1984,3285825.0
Slovakia,1985,3302280.0
Slovakia,1986,3319822.0
Slovakia,1987,3331521.0
Slovakia,1988,3348478.0
Slovakia,1989,3369913.0
Slovakia,1990,3398783.0
Slovakia,1991,3428807.0
Slovakia,1992,3442926.0
Slovakia,1993,3475347.0
Slovakia,1994,3511642.0
Slovakia,1995,3551743.0
Slovakia,1996,3585057.0
Slovakia,1997,3617349.0
Slovakia,1998,3648628.0
Slovakia,1999,3681211.0
Slovakia,2000,3714096.0
Slovakia,2001,3729389.0
Slovakia,2002,3759296.0
Slovakia,2003,3783289.0
Slovakia,2004,3805873.0
Slovakia,2005,3825405.0
Slovakia,2006,3842165.0
Slovakia,2007,3857343.0
Slovakia,2008,3871092.0
Slovakia,2009,3883528.0
Slovakia,2010,3884758.0
Slovakia,2011,3882442.0
Slovakia,2012,3881088.0
Slovakia,2013,3870038.0
Slovakia,2014,3852888.0
Slovakia,2015,3834289.0
Slovakia,2016,3810273.0
Slovakia,2017,3780456.0
Slovakia,2018,3748564.0
Slovakia,2019,3718060.0
Slovakia,2020,3688978.0
Slovakia,2021,3659463.0
Slovakia,2022,3616958.0
Slovakia,2023,3586272.0
Slovakia,2024,3561859.0
San Marino,2012,22461.0
San Marino,2013,22511.0
San Marino,2018,22968.0
Türkiye,1960,14976214.0
Türkiye,1961,15246894.0
Türkiye,1962,15547316.0
Türkiye,1963,15878905.0
Türkiye,1964,16243294.0
Türkiye,1965,16642283.0
Türkiye,1966,17005363.0
Türkiye,1967,17398015.0
Türkiye,1968,17821561.0
Türkiye,1969,18277460.0
Türkiye,1970,18767347.0
Türkiye,1971,19272849.0
Türkiye,1972,19814625.0
Türkiye,1973,20394814.0
Türkiye,1974,21015766.0
Türkiye,1975,21680051.0
Türkiye,1976,22177209.0
Türkiye,1977,22725893.0
Türkiye,1978,23329204.0
Türkiye,1979,23990693.0
Türkiye,1980,24714388.0
Türkiye,1981,25455334.0
Türkiye,1982,26241816.0
Türkiye,1983,27076788.0
Türkiye,1984,27963461.0
Türkiye,1985,28905311.0
Türkiye,1986,29758894.0
Türkiye,1987,30661776.0
Türkiye,1988,31617074.0
Türkiye,1989,32628175.0
Türkiye,1990,33698760.0
Türkiye,1991,34470764.0
Türkiye,1992,35492330.0
Türkiye,1993,36520805.0
Türkiye,1994,37535752.0
Türkiye,1995,38531700.0
Türkiye,1996,39507143.0
Türkiye,1997,40458062.0
Türkiye,1998,41386521.0
Türkiye,1999,42304007.0
Türkiye,2000,43177281.0
Türkiye,2001,41433000.0
Türkiye,2002,42280000.0
Türkiye,2003,43120000.0
Türkiye,2004,43955000.0
Türkiye,2005,44783000.0
Türkiye,2006,45595000.0
Türkiye,2007,46397000.0
Türkiye,2008,46943690.0
Türkiye,2009,47835090.0
Türkiye,2010,48618564.0
Türkiye,2011,49516670.0
Türkiye,2012,50346979.0
Türkiye,2013,51088202.0
Türkiye,2014,51926356.0
Türkiye,2015,52640512.0
Türkiye,2016,53359594.0
Türkiye,2017,54237586.0
Türkiye,2018,54881652.0
Türkiye,2019,55633349.0
Türkiye,2020,56391925.0
Türkiye,2021,56592570.0
Türkiye,2022,57459186.0
Türkiye,2023,58092773.0
Türkiye,2024,58337938.0
Ukraine,2006,32417340.0
Ukraine,2007,32256194.0
Ukraine,2008,32184514.0
Ukraine,2009,32169795.0
Ukraine,2010,32130170.0
Ukraine,2011,32136968.0
Ukraine,2012,31993311.0
Ukraine,2013,31846776.0
Ukraine,2014,31606374.0
Ukraine,2015,29634710.0
Ukraine,2016,29327724.0
Ukraine,2017,29011835.0
Ukraine,2018,28719006.0
Ukraine,2019,28468034.0
Ukraine,2020,28199524.0
Ukraine,2021,27927758.0
Ukraine,2022,27646706.0
United Kingdom,1960,33900000.0
United Kingdom,1961,34200000.0
United Kingdom,1962,34500000.0
United Kingdom,1963,34800000.0
United Kingdom,1964,34900000.0
United Kingdom,1965,35000000.0
United Kingdom,1966,35065900.0
United Kingdom,1967,35091700.0
United Kingdom,1968,35065600.0
United Kingdom,1969,35028800.0
United Kingdom,1970,34995500.0
United Kingdom,1971,35013500.0
United Kingdom,1972,35060293.0
United Kingdom,1973,35090113.0
United Kingdom,1974,35120145.0
United Kingdom,1975,35158488.0
United Kingdom,1976,35254735.0
United Kingdom,1977,35401460.0
United Kingdom,1978,35560932.0
United Kingdom,1979,35747531.0
United Kingdom,1980,35966451.0
United Kingdom,1981,36178530.0
United Kingdom,1982,36369030.0
United Kingdom,1983,36598688.0
United Kingdom,1984,36886398.0
United Kingdom,1985,37069145.0
United Kingdom,1986,37151256.0
United Kingdom,1987,37231536.0
United Kingdom,1988,37280157.0
United Kingdom,1989,37309477.0
United Kingdom,1990,37340154.0
United Kingdom,1991,37364780.0
United Kingdom,1992,37354430.0
United Kingdom,1993,37335519.0
United Kingdom,1994,37374862.0
United Kingdom,1995,37476929.0
United Kingdom,1996,37598474.0
United Kingdom,1997,37717565.0
United Kingdom,1998,37844909.0
United Kingdom,1999,38018008.0
United Kingdom,2000,38248399.0
United Kingdom,2001,38504493.0
United Kingdom,2002,38766725.0
United Kingdom,2003,39035363.0
United Kingdom,2004,39316730.0
United Kingdom,2005,39677267.0
United Kingdom,2006,40097968.0
United Kingdom,2007,40497655.0
United Kingdom,2008,40842246.0
United Kingdom,2009,41099837.0
United Kingdom,2010,41325110.0
United Kingdom,2011,41577288.0
United Kingdom,2012,41680587.0
United Kingdom,2013,41658505.0
United Kingdom,2014,41724527.0
United Kingdom,2015,41875267.0
United Kingdom,2016,42062632.0
United Kingdom,2017,42200259.0
United Kingdom,2018,42309960.0
United Kingdom,2019,42434786.0
Kosovo*,2016,1162438.0
Kosovo*,2017,1192182.0
Kosovo*,2018,1202202.0
Kosovo*,2019,1204236.0
Kosovo*,2020,1195522.0
Kosovo*,2021,1209987.0
Kosovo*,2022,1190536.0
