Year,"Country of Asylum","Country of Origin","Country of Asylum ISO","Country of Origin ISO",Refugees,"Returned Refugees","Asylum Seekers",IDPs,"Returned IDPs",Stateless,HST,OOC
2008,Austria,-,AUT,-,37546,299,36687,0,0,464,0,0
2008,Belgium,-,BEL,-,17025,29,14261,0,0,548,0,0
2008,Bulgaria,-,BGR,-,5108,0,1060,0,0,0,0,0
2008,Cyprus,-,CYP,-,1458,0,8003,0,0,0,0,0
2008,Czechia,-,CZE,-,2095,0,1422,0,0,0,0,0
2008,Denmark,-,DNK,-,23385,48,485,0,0,3687,0,0
2008,Estonia,-,EST,-,16,0,5,0,0,110315,0,0
2008,Finland,-,FIN,-,6621,9,2736,0,0,1397,0,0
2008,France,-,FRA,-,171206,120,31496,0,0,1006,0,0
2008,Germany,-,DEU,-,582719,227,33263,0,0,9322,0,22500
2008,Greece,-,GRC,-,2169,56,38035,0,0,258,0,0
2008,Hungary,-,HUN,-,7740,19,2514,0,0,241,0,0
2008,Ireland,-,IRL,-,9714,0,4583,0,0,0,0,0
2008,Italy,-,ITA,-,47059,11,0,0,0,722,0,0
2008,Lithuania,-,LTU,-,749,0,93,0,0,5900,0,0
2008,Latvia,-,LVA,-,27,0,33,0,0,365417,0,0
2008,Malta,-,MLT,-,4329,0,1223,0,0,0,0,0
2008,"Netherlands (Kingdom of the)",-,NLD,-,77589,54,9743,0,0,4591,0,0
2008,Poland,-,POL,-,12761,0,4381,0,0,839,0,0
2008,Romania,-,ROU,-,1586,0,287,0,0,253,0,0
2008,Spain,-,ESP,-,4649,5,0,0,0,26,0,0
2008,Slovenia,-,SVN,-,257,51,74,0,0,4090,0,0
2008,Sweden,-,SWE,-,77016,354,24075,0,0,6239,0,0
2008,Croatia,-,HRV,-,1591,37,52,2497,376,180,0,28084
2008,Luxembourg,-,LUX,-,3109,31,29,0,0,162,0,0
2009,Austria,-,AUT,-,38895,982,32133,0,0,523,0,0
2009,Belgium,-,BEL,-,15536,96,18233,0,0,637,0,0
2009,Bulgaria,-,BGR,-,5375,0,1175,0,0,0,0,0
2009,Cyprus,-,CYP,-,2888,0,5003,0,0,0,0,0
2009,Czechia,-,CZE,-,2299,0,1235,0,0,0,0,0
2009,Denmark,-,DNK,-,20340,366,1146,0,0,3263,0,0
2009,Estonia,-,EST,-,16,0,19,0,0,104813,0,0
2009,Finland,-,FIN,-,7448,13,3763,0,0,2407,0,0
2009,France,-,FRA,-,196364,125,40517,0,0,1078,0,0
2009,Germany,-,DEU,-,593787,1027,38875,0,0,8226,0,17675
2009,Greece,-,GRC,-,1700,0,48201,0,0,260,0,0
2009,Croatia,-,HRV,-,1240,71,26,2285,212,237,0,23583
2009,Hungary,-,HUN,-,6041,266,641,0,0,49,0,0
2009,Ireland,-,IRL,-,9561,0,2725,0,0,0,0,0
2009,Italy,-,ITA,-,54962,12,4365,0,0,793,0,0
2009,Lithuania,-,LTU,-,790,0,69,0,0,3902,0,0
2009,Luxembourg,-,LUX,-,3230,41,442,0,0,177,0,0
2009,Latvia,-,LVA,-,40,0,54,0,0,344263,0,0
2009,Malta,-,MLT,-,5951,0,1824,0,0,0,0,0
2009,"Netherlands (Kingdom of the)",-,NLD,-,75996,515,16228,0,0,5034,0,0
2009,Poland,-,POL,-,15299,0,2397,0,0,865,0,0
2009,Romania,-,ROU,-,1065,0,391,0,0,306,0,0
2009,Spain,-,ESP,-,3960,0,3280,0,0,28,0,0
2009,Slovenia,-,SVN,-,281,50,78,0,0,4090,0,0
2009,Sweden,-,SWE,-,81346,2308,18932,0,0,7758,0,0
2010,Austria,-,AUT,-,42613,69,25602,0,0,401,0,0
2010,Belgium,-,BEL,-,17891,5,18288,0,0,691,0,0
2010,Bulgaria,-,BGR,-,5519,0,1392,0,0,0,0,0
2010,Cyprus,-,CYP,-,3397,0,5385,0,0,0,0,0
2010,Czechia,-,CZE,-,2424,0,1031,0,0,0,0,0
2010,Denmark,-,DNK,-,17907,22,3334,0,0,3216,0,0
2010,Estonia,-,EST,-,31,0,5,0,0,100983,0,0
2010,Finland,-,FIN,-,8721,8,2075,0,0,3125,0,0
2010,France,-,FRA,-,200687,40,48576,0,0,1131,0,0
2010,Germany,-,DEU,-,594250,176,51930,0,0,7920,0,16282
2010,Greece,-,GRC,-,1443,0,55714,0,0,260,0,0
2010,Croatia,-,HRV,-,933,44,64,2125,160,1749,0,20383
2010,Hungary,-,HUN,-,5400,0,354,0,0,62,0,0
2010,Ireland,-,IRL,-,9099,0,5088,0,0,0,0,0
2010,Italy,-,ITA,-,56402,5,4070,0,0,854,0,0
2010,Lithuania,-,LTU,-,808,5,67,0,0,3674,0,0
2010,Luxembourg,-,LUX,-,3254,0,660,0,0,173,0,0
2010,Latvia,-,LVA,-,60,0,43,0,0,326906,0,0
2010,Malta,-,MLT,-,6143,0,1282,0,0,0,0,0
2010,"Netherlands (Kingdom of the)",-,NLD,-,74948,34,13034,0,0,2061,0,0
2010,Poland,-,POL,-,15537,0,2111,0,0,763,0,0
2010,Romania,-,ROU,-,1019,0,372,0,0,321,0,0
2010,Spain,-,ESP,-,3814,0,2688,0,0,31,0,0
2010,Slovenia,-,SVN,-,315,29,112,0,0,4090,0,0
2010,Sweden,-,SWE,-,82620,201,18606,0,0,9344,0,0
2011,Austria,-,AUT,-,47055,29,24464,0,0,464,0,0
2011,Belgium,-,BEL,-,22396,0,19006,0,0,697,0,0
2011,Bulgaria,-,BGR,-,5676,0,1381,0,0,0,0,0
2011,Cyprus,-,CYP,-,3498,0,3042,0,0,0,0,0
2011,Czechia,-,CZE,-,2424,0,909,0,0,0,0,0
2011,Denmark,-,DNK,-,13386,703,1415,0,0,3183,0,0
2011,Estonia,-,EST,-,34,0,5,0,0,97749,0,0
2011,Finland,-,FIN,-,9170,137,2262,0,0,3614,0,0
2011,France,-,FRA,-,210207,14,49240,0,0,1180,0,0
2011,Germany,-,DEU,-,571672,1003,62654,0,0,8044,0,16409
2011,Greece,-,GRC,-,1566,90,43942,0,0,205,0,0
2011,Croatia,-,HRV,-,818,82,219,0,67,1720,0,21016
2011,Hungary,-,HUN,-,5085,0,360,0,0,89,0,0
2011,Ireland,-,IRL,-,8234,0,5380,0,0,0,0,0
2011,Italy,-,ITA,-,58066,0,13525,0,0,1176,0,0
2011,Lithuania,-,LTU,-,824,0,73,0,0,3480,0,0
2011,Latvia,-,LVA,-,88,0,216,0,0,312362,0,0
2011,"Netherlands (Kingdom of the)",-,NLD,-,74587,933,10406,0,0,2005,0,0
2011,Poland,-,POL,-,15834,0,2873,0,0,763,0,0
2011,Romania,-,ROU,-,1003,125,751,0,0,275,0,0
2011,Spain,-,ESP,-,4220,0,2670,0,0,36,0,0
2011,Slovenia,-,SVN,-,134,17,93,0,0,0,0,0
2011,Sweden,-,SWE,-,86603,2302,18106,0,0,10344,0,0
2011,Malta,-,MLT,-,6948,0,1448,0,0,0,0,0
2011,Luxembourg,-,LUX,-,2855,0,1694,0,0,177,0,0
2012,Austria,-,AUT,-,51707,11,22418,0,0,542,0,0
2012,Belgium,-,BEL,-,22023,95,15023,0,0,3898,0,0
2012,Bulgaria,-,BGR,-,2273,0,1270,0,0,0,0,0
2012,Cyprus,-,CYP,-,3627,0,2624,0,0,0,0,0
2012,Czechia,-,CZE,-,2780,0,566,0,0,1502,0,0
2012,Denmark,-,DNK,-,11797,705,1539,0,0,3623,0,0
2012,Estonia,-,EST,-,48,0,0,0,0,94235,0,0
2012,Finland,-,FIN,-,9910,85,1867,0,0,2017,0,0
2012,France,-,FRA,-,217865,6,49885,0,0,1210,0,0
2012,Germany,-,DEU,-,589735,1020,85507,0,0,5683,0,0
2012,Greece,-,GRC,-,2090,90,36183,0,0,154,0,0
2012,Croatia,-,HRV,-,722,73,329,0,0,2886,0,19970
2012,Hungary,-,HUN,-,4034,0,386,0,0,111,0,0
2012,Ireland,-,IRL,-,6309,0,5423,0,0,73,0,0
2012,Italy,-,ITA,-,64782,75,14320,0,0,470,0,0
2012,Lithuania,-,LTU,-,871,0,70,0,0,4130,0,0
2012,Latvia,-,LVA,-,113,0,171,0,0,280759,0,0
2012,"Netherlands (Kingdom of the)",-,NLD,-,71893,720,10406,0,0,2005,0,0
2012,Poland,-,POL,-,15897,0,2394,0,0,10825,0,0
2012,Romania,-,ROU,-,1263,75,21,0,0,248,0,0
2012,Spain,-,ESP,-,4502,0,2790,0,0,36,0,0
2012,Slovenia,-,SVN,-,169,31,93,0,0,5,0,0
2012,Sweden,-,SWE,-,92869,2563,22830,0,0,9596,0,0
2012,Malta,-,MLT,-,8242,0,754,0,0,0,0,0
2012,Luxembourg,-,LUX,-,2910,0,1239,0,0,177,0,0
2013,Austria,-,AUT,-,55575,9,22731,0,0,604,0,0
2013,Belgium,-,BEL,-,25617,0,11479,0,0,2466,0,0
2013,Bulgaria,-,BGR,-,4305,0,4539,0,0,0,0,0
2013,Cyprus,-,CYP,-,3879,0,2629,0,0,0,0,0
2013,Czechia,-,CZE,-,2966,0,292,0,0,1502,0,0
2013,Denmark,-,DNK,-,13153,310,1605,0,0,4263,0,0
2013,Estonia,-,EST,-,52,0,15,0,0,91281,0,0
2013,Finland,-,FIN,-,11242,0,1504,0,0,2122,0,0
2013,France,-,FRA,-,232487,0,51691,0,0,1247,0,0
2013,Germany,-,DEU,-,187545,705,135515,0,0,11709,0,0
2013,Greece,-,GRC,-,3468,0,49800,0,0,178,0,19534
2013,Croatia,-,HRV,-,679,49,189,0,0,2886,0,16046
2013,Hungary,-,HUN,-,2422,0,1876,0,0,113,0,0
2013,Ireland,-,IRL,-,5991,0,5464,0,0,73,0,0
2013,Italy,-,ITA,-,76248,0,13635,0,0,350,0,0
2013,Lithuania,-,LTU,-,918,0,74,0,0,3892,0,0
2013,Luxembourg,-,LUX,-,901,0,1003,0,0,177,0,0
2013,Latvia,-,LVA,-,149,0,183,0,0,267789,0,0
2013,"Netherlands (Kingdom of the)",-,NLD,-,74700,480,0,0,0,1951,0,0
2013,Poland,-,POL,-,16428,0,2157,0,0,10825,0,0
2013,Romania,-,ROU,-,1747,0,121,0,0,297,0,0
2013,Spain,-,ESP,-,4641,0,4329,0,0,270,0,0
2013,Slovenia,-,SVN,-,202,11,5,0,0,5,0,0
2013,Sweden,-,SWE,-,114172,1650,27705,0,0,20450,0,0
2013,Malta,-,MLT,-,9900,0,900,0,0,0,0,0
2014,Austria,-,AUT,-,60724,366,22745,0,0,570,0,0
2014,Belgium,-,BEL,-,29170,34,9943,0,0,2554,0,0
2014,Bulgaria,-,BGR,-,11026,31,6735,0,0,67,0,0
2014,Cyprus,-,CYP,-,5120,10,2436,0,0,0,0,0
2014,Czechia,-,CZE,-,3129,0,459,0,0,1502,0,0
2014,Denmark,-,DNK,-,17767,31,4268,0,0,4725,0,0
2014,Estonia,-,EST,-,82,0,84,0,0,88076,0,0
2014,Finland,-,FIN,-,11783,37,1734,0,0,2293,0,0
2014,France,-,FRA,-,252248,103,55826,0,0,1288,0,0
2014,Germany,-,DEU,-,216956,359,226147,0,0,11917,0,0
2014,Greece,-,GRC,-,10292,447,31898,0,0,199,0,0
2014,Croatia,-,HRV,-,724,68,87,0,0,2886,0,15794
2014,Hungary,-,HUN,-,2854,0,15664,0,0,124,0,0
2014,Ireland,-,IRL,-,5832,0,4576,0,0,99,0,0
2014,Italy,-,ITA,-,93712,351,45730,0,0,813,0,0
2014,Lithuania,-,LTU,-,1007,0,139,0,0,3645,0,0
2014,Luxembourg,-,LUX,-,1091,0,1226,0,0,81,0,0
2014,Latvia,-,LVA,-,168,0,235,0,0,262802,0,0
2014,"Netherlands (Kingdom of the)",-,NLD,-,82483,9,6914,0,0,1951,0,0
2014,Poland,-,POL,-,15730,0,2675,0,0,10825,0,0
2014,Romania,-,ROU,-,2171,33,325,0,0,299,0,0
2014,Spain,-,ESP,-,5797,0,7508,0,0,270,0,0
2014,Slovenia,-,SVN,-,251,19,61,0,0,5,0,0
2014,Sweden,-,SWE,-,142197,10,56748,0,0,27167,0,0
2014,Malta,-,MLT,-,6095,0,176,0,0,0,0,0
2015,Austria,-,AUT,-,72198,143,80060,0,0,828,0,0
2015,Belgium,-,BEL,-,35302,29,35996,0,0,5776,0,0
2015,Bulgaria,-,BGR,-,16543,11,9488,0,0,67,0,0
2015,Cyprus,-,CYP,-,7062,0,2210,0,0,0,0,6000
2015,Czechia,-,CZE,-,3640,0,654,0,0,1502,0,0
2015,Denmark,-,DNK,-,27312,9,2931,0,0,6580,0,0
2015,Estonia,-,EST,-,158,0,73,0,0,85301,0,0
2015,Finland,-,FIN,-,12692,20,24340,0,0,2427,0,0
2015,France,-,FRA,-,273117,107,63043,0,0,1326,0,0
2015,Germany,-,DEU,-,316098,180,420570,0,0,12569,0,0
2015,Greece,-,GRC,-,24831,448,26122,0,0,198,0,0
2015,Croatia,-,HRV,-,517,20,30,0,0,2873,0,14070
2015,Hungary,-,HUN,-,4383,0,36671,0,0,132,0,0
2015,Ireland,-,IRL,-,6108,0,4982,0,0,99,0,0
2015,Italy,-,ITA,-,118036,232,60135,0,0,747,0,0
2015,Lithuania,-,LTU,-,1094,0,75,0,0,3466,0,0
2015,Luxembourg,-,LUX,-,1306,0,2349,0,0,82,0,0
2015,Latvia,-,LVA,-,193,0,182,0,0,252195,0,0
2015,"Netherlands (Kingdom of the)",-,NLD,-,88518,5,28030,0,0,1951,0,0
2015,Poland,-,POL,-,14057,0,3281,0,0,10825,0,0
2015,Romania,-,ROU,-,2581,25,408,0,0,240,0,0
2015,Spain,-,ESP,-,6447,0,11023,0,0,440,0,0
2015,Slovenia,-,SVN,-,284,5,92,0,0,5,0,0
2015,Sweden,-,SWE,-,169516,0,157017,0,0,31062,0,0
2015,Malta,-,MLT,-,7068,5,574,0,0,0,0,0
2016,Austria,-,AUT,-,93242,0,76382,0,0,937,0,0
2016,Belgium,-,BEL,-,42158,0,24098,0,0,2630,0,0
2016,Bulgaria,-,BGR,-,17794,0,16030,0,0,67,0,0
2016,Cyprus,-,CYP,-,8478,0,3049,0,0,0,0,6000
2016,Czechia,-,CZE,-,3640,0,769,0,0,1502,0,0
2016,Denmark,-,DNK,-,33501,0,7001,0,0,7610,0,0
2016,Estonia,-,EST,-,312,0,43,0,0,82585,0,0
2016,Finland,-,FIN,-,18402,0,5559,0,0,2671,0,0
2016,France,-,FRA,-,304527,0,62764,0,0,1370,0,0
2016,Germany,-,DEU,-,669468,0,587306,0,0,12017,0,0
2016,Greece,-,GRC,-,46411,0,39960,0,0,198,0,0
2016,Croatia,-,HRV,-,300,0,529,0,0,2873,0,14518
2016,Hungary,-,HUN,-,4736,0,3396,0,0,135,0,0
2016,Ireland,-,IRL,-,5720,0,4221,0,0,99,0,0
2016,Italy,-,ITA,-,147362,0,99896,0,0,701,0,0
2016,Lithuania,-,LTU,-,1284,0,147,0,0,3466,0,0
2016,Luxembourg,-,LUX,-,2020,0,2186,0,0,83,0,0
2016,Latvia,-,LVA,-,340,0,151,0,0,242736,0,0
2016,Malta,-,MLT,-,7941,0,868,0,0,0,0,0
2016,"Netherlands (Kingdom of the)",-,NLD,-,101727,0,10369,0,0,1951,0,0
2016,Poland,-,POL,-,11738,0,3412,0,0,10825,0,0
2016,Romania,-,ROU,-,2880,0,72,0,0,249,0,0
2016,Spain,-,ESP,-,12983,0,20360,0,0,1011,0,0
2016,Slovenia,-,SVN,-,454,0,309,0,0,5,0,0
2016,Sweden,-,SWE,-,230158,0,83040,0,0,36036,0,0
2017,Austria,-,AUT,-,115252,0,56279,0,0,1003,0,0
2017,Belgium,-,BEL,-,42158,0,18760,0,0,7695,0,0
2017,Bulgaria,-,BGR,-,19166,0,2712,0,0,48,0,0
2017,Cyprus,-,CYP,-,9790,0,5216,0,0,0,0,6000
2017,Czechia,-,CZE,-,3640,0,799,0,0,1502,0,0
2017,Denmark,-,DNK,-,35668,18,4229,0,0,7990,0,0
2017,Estonia,-,EST,-,405,0,36,0,0,80314,0,0
2017,Finland,-,FIN,-,20793,9,3101,0,0,2749,0,0
2017,France,-,FRA,-,337158,5,63115,0,0,1425,0,0
2017,Germany,-,DEU,-,970357,47,429265,0,0,13458,0,0
2017,Greece,-,GRC,-,38988,5,44188,0,0,198,0,0
2017,Croatia,-,HRV,-,508,0,406,0,0,2873,0,8019
2017,Hungary,-,HUN,-,5671,0,666,0,0,139,0,0
2017,Ireland,-,IRL,-,6394,0,5991,0,0,99,0,0
2017,Italy,-,ITA,-,167330,0,186645,0,0,715,0,0
2017,Lithuania,-,LTU,-,1577,0,249,0,0,3193,0,0
2017,Luxembourg,-,LUX,-,2020,0,1495,0,0,83,0,0
2017,Latvia,-,LVA,-,653,0,54,0,0,233571,0,0
2017,Malta,-,MLT,-,7994,0,1349,0,0,11,0,0
2017,"Netherlands (Kingdom of the)",-,NLD,-,103843,33,5818,0,0,1951,0,0
2017,Poland,-,POL,-,12225,0,2878,0,0,10825,0,0
2017,Romania,-,ROU,-,3911,0,1514,0,0,238,0,0
2017,Spain,-,ESP,-,17541,5,34866,0,0,1596,0,0
2017,Slovenia,-,SVN,-,611,0,264,0,0,5,0,0
2017,Sweden,-,SWE,-,240954,47,51588,0,0,35101,0,0
2018,Austria,-,AUT,-,128779,0,37347,0,0,1062,0,0
2018,Belgium,-,BEL,-,42158,0,19550,0,0,7695,0,0
2018,Bulgaria,-,BGR,-,19906,0,1560,0,0,92,0,0
2018,Cyprus,-,CYP,-,11002,0,10267,0,0,0,0,6000
2018,Czechia,-,CZE,-,2186,0,1910,0,0,1502,0,0
2018,Denmark,-,DNK,-,36623,0,2675,0,0,8236,0,0
2018,Estonia,-,EST,-,319,0,30,0,0,77877,0,0
2018,Finland,-,FIN,-,22287,0,3264,0,0,2759,0,0
2018,France,-,FRA,-,368345,0,89055,0,0,1493,0,0
2018,Germany,-,DEU,-,1063835,0,369239,0,0,14779,0,0
2018,Greece,-,GRC,-,61446,0,76057,0,0,198,0,0
2018,Croatia,-,HRV,-,787,0,198,0,0,2886,0,4376
2018,Hungary,-,HUN,-,6019,0,120,0,0,144,0,0
2018,Ireland,-,IRL,-,6012,0,7159,0,0,99,0,0
2018,Italy,-,ITA,-,189227,0,105606,0,0,732,0,0
2018,Lithuania,-,LTU,-,1731,0,273,0,0,3039,0,0
2018,Luxembourg,-,LUX,-,2020,0,1485,0,0,83,0,0
2018,Latvia,-,LVA,-,664,0,45,0,0,224844,0,0
2018,Malta,-,MLT,-,8579,0,1860,0,0,11,0,0
2018,"Netherlands (Kingdom of the)",-,NLD,-,101824,0,12303,0,0,1951,0,0
2018,Poland,-,POL,-,12495,0,3059,0,0,10825,0,0
2018,Romania,-,ROU,-,4134,0,1476,0,0,227,0,0
2018,Spain,-,ESP,-,20437,0,78685,0,0,2455,0,0
2018,Slovenia,-,SVN,-,746,0,245,0,0,5,0,0
2018,Sweden,-,SWE,-,248210,0,37892,0,0,31819,0,0
2019,Austria,-,AUT,-,135951,0,26696,0,0,1132,0,0
2019,Belgium,-,BEL,-,61662,0,10862,0,0,11208,0,10933
2019,Bulgaria,-,BGR,-,20438,0,1054,0,0,1142,0,0
2019,Cyprus,-,CYP,-,12311,0,18799,0,0,56,0,4000
2019,Czechia,-,CZE,-,2054,0,1632,0,0,1500,0,440
2019,Denmark,-,DNK,-,37533,0,1422,0,0,11682,0,0
2019,Estonia,-,EST,-,331,0,33,0,0,75599,0,0
2019,Finland,-,FIN,-,23458,0,8308,0,0,3268,0,0
2019,France,-,FRA,-,407915,0,102140,0,0,1980,0,1521
2019,Germany,-,DEU,-,1146682,0,309231,0,0,26369,0,0
2019,Greece,-,GRC,-,80454,0,105684,0,0,5607,0,4734
2019,Croatia,-,HRV,-,916,0,454,0,0,2896,0,4027
2019,Hungary,-,HUN,-,5750,0,222,0,0,147,0,0
2019,Ireland,-,IRL,-,7795,0,7853,0,0,106,0,99
2019,Italy,-,ITA,-,207602,0,47030,0,0,15839,0,0
2019,Lithuania,-,LTU,-,1822,0,408,0,0,2940,0,0
2019,Luxembourg,-,LUX,-,2548,0,1785,0,0,135,0,85
2019,Latvia,-,LVA,-,665,0,41,0,0,216851,0,0
2019,Malta,-,MLT,-,8908,0,3681,0,0,11,0,0
2019,"Netherlands (Kingdom of the)",-,NLD,-,94417,0,15599,0,0,1951,0,0
2019,Poland,-,POL,-,12658,0,4783,0,0,1328,0,0
2019,Romania,-,ROU,-,3860,0,916,0,0,290,0,192
2019,Spain,-,ESP,-,57751,0,133030,0,0,4251,0,4246
2019,Slovenia,-,SVN,-,741,0,308,0,0,5,0,5
2019,Sweden,-,SWE,-,253787,0,28006,0,0,53729,0,0
2020,Austria,-,AUT,-,141816,0,20710,0,0,3267,0,0
2020,Belgium,-,BEL,-,64973,0,29305,0,0,1264,0,940
2020,Bulgaria,-,BGR,-,21113,0,1938,0,0,1141,0,0
2020,Cyprus,-,CYP,-,13997,0,20483,0,0,56,0,4000
2020,Czechia,-,CZE,-,1919,0,1537,0,0,1490,0,1502
2020,Denmark,-,DNK,-,36643,0,1331,0,0,11655,0,0
2020,Finland,-,FIN,-,23428,0,6316,0,0,3428,0,0
2020,France,-,FRA,-,436055,0,118137,0,0,2068,0,1606
2020,Germany,-,DEU,-,1210596,50,243157,0,0,26674,0,0
2020,Greece,-,GRC,-,103101,0,60873,0,0,5557,0,4705
2020,Croatia,-,HRV,-,956,0,567,0,0,2895,0,2520
2020,Hungary,-,HUN,-,5838,0,38,0,0,145,0,0
2020,Ireland,-,IRL,-,9035,0,7393,0,0,106,0,99
2020,Italy,-,ITA,-,128033,0,53901,0,0,3000,0,0
2020,Lithuania,-,LTU,-,1880,0,122,0,0,2720,0,0
2020,Luxembourg,-,LUX,-,5158,0,1400,0,0,196,0,85
2020,Latvia,-,LVA,-,637,0,73,0,0,209167,0,0
2020,"Netherlands (Kingdom of the)",-,NLD,-,95897,0,11882,0,0,4407,0,0
2020,Poland,-,POL,-,2771,0,3602,0,0,1390,0,0
2020,Romania,-,ROU,-,3581,0,2242,0,0,275,0,183
2020,Spain,-,ESP,-,103624,0,103385,0,0,5914,0,5904
2020,Slovenia,-,SVN,-,823,0,277,0,0,5,0,5
2020,Sweden,-,SWE,-,248372,0,18603,0,0,50414,0,0
2020,Malta,-,MLT,-,9168,0,4047,0,0,11,0,0
2020,Estonia,-,EST,-,277,0,5,0,0,73214,0,0
2021,Austria,-,AUT,-,152514,0,27847,0,0,3162,0,0
2021,Belgium,-,BEL,-,74063,0,28955,0,0,1178,0,854
2021,Bulgaria,-,BGR,-,22830,0,7547,0,0,1120,0,0
2021,Cyprus,-,CYP,-,16277,0,25336,0,0,66,0,0
2021,Czechia,-,CZE,-,1909,0,1073,0,0,1587,0,552
2021,Denmark,-,DNK,-,36023,0,1519,0,0,11643,0,0
2021,Estonia,-,EST,-,321,0,15,0,0,70594,0,0
2021,Finland,-,FIN,-,24078,0,2408,0,0,3556,0,0
2021,France,-,FRA,-,499914,0,75708,0,0,3560,0,1716
2021,Germany,-,DEU,-,1255694,0,253867,0,0,27939,0,0
2021,Greece,-,GRC,-,119650,0,37047,0,0,4488,0,3653
2021,Croatia,-,HRV,-,1020,0,562,0,0,2890,0,546
2021,Hungary,-,HUN,-,5676,0,5,0,0,135,0,0
2021,Ireland,-,IRL,-,9571,0,6904,0,0,7,0,0
2021,Italy,-,ITA,-,144862,0,51779,0,0,3000,0,0
2021,Lithuania,-,LTU,-,1880,0,122,0,0,2720,0,0
2021,Luxembourg,-,LUX,-,6011,0,1765,0,0,196,0,85
2021,Latvia,-,LVA,-,705,0,209,0,0,195354,0,0
2021,Malta,-,MLT,-,9335,0,3674,0,0,11,0,0
2021,"Netherlands (Kingdom of the)",-,NLD,-,99585,0,17106,0,0,4527,0,0
2021,Poland,-,POL,-,4875,0,3823,0,0,1387,0,0
2021,Romania,-,ROU,-,4200,0,1504,0,0,316,0,181
2021,Spain,-,ESP,-,122539,0,103850,0,0,6197,0,6187
2021,Slovenia,-,SVN,-,839,0,572,0,0,8,0,8
2021,Sweden,-,SWE,-,240854,0,13954,0,0,46933,0,0
2022,Austria,-,AUT,-,258613,12000,53087,0,0,3256,0,0
2022,Belgium,-,BEL,-,150713,6000,41810,0,0,957,0,695
2022,Bulgaria,-,BGR,-,176297,43000,11165,0,0,1162,0,0
2022,Cyprus,-,CYP,-,29280,0,36497,0,0,76,0,0
2022,Czechia,-,CZE,-,435212,76000,986,0,0,1557,0,537
2022,Denmark,-,DNK,-,67772,6009,2776,0,0,11564,0,0
2022,Estonia,-,EST,-,40806,5000,631,0,0,68111,0,0
2022,Finland,-,FIN,-,69553,0,6046,0,0,3410,0,0
2022,France,-,FRA,-,612934,23000,75047,0,0,3901,0,1716
2022,Germany,-,DEU,-,2075445,76017,261019,0,0,29455,0,0
2022,Greece,-,GRC,-,160761,6000,22139,0,0,4488,0,3641
2022,Croatia,-,HRV,-,20638,0,1200,0,0,734,0,213
2022,Hungary,-,HUN,-,35370,8000,20,0,0,137,0,0
2022,Ireland,-,IRL,-,81256,7005,15108,0,0,21,0,0
2022,Italy,-,ITA,-,296181,61000,79979,0,0,2998,0,0
2022,Lithuania,-,LTU,-,67638,13000,491,0,0,2427,0,0
2022,Luxembourg,-,LUX,-,11952,0,2615,0,0,196,0,80
2022,Latvia,-,LVA,-,39055,22000,249,0,0,187564,0,0
2022,Malta,-,MLT,-,11098,0,2070,0,0,0,0,0
2022,"Netherlands (Kingdom of the)",-,NLD,-,237368,10005,31594,0,0,4652,0,0
2022,Poland,-,POL,-,971129,403000,3020,0,0,1446,0,1328
2022,Romania,-,ROU,-,105621,33000,1172,0,0,300,0,156
2022,Spain,-,ESP,-,314490,20000,134580,0,0,7834,0,7788
2022,Slovenia,-,SVN,-,8705,0,495,0,0,22,0,5
2022,Sweden,-,SWE,-,277726,10008,14469,0,0,42511,0,0
2023,Austria,-,AUT,-,257811,5736,38039,0,0,3194,0,0
2023,Belgium,-,BEL,-,167831,5155,44600,0,0,936,0,679
2023,Bulgaria,-,BGR,-,97618,4677,11941,0,0,817,0,0
2023,Cyprus,-,CYP,-,39044,1303,31664,0,0,86,0,0
2023,Czechia,-,CZE,-,377120,25634,1239,0,0,1611,0,537
2023,Denmark,-,DNK,-,68912,2462,2356,0,0,8657,0,0
2023,Estonia,-,EST,-,42005,2840,346,0,0,65944,0,0
2023,Finland,-,FIN,-,89869,4350,7410,0,0,2974,0,0
2023,France,-,FRA,-,664366,4670,79642,0,0,4174,0,1716
2023,Germany,-,DEU,-,2593007,75175,361493,0,0,28964,0,0
2023,Greece,-,GRC,-,192384,1852,32687,0,0,3743,0,2722
2023,Croatia,-,HRV,-,25029,1626,1597,0,0,742,0,202
2023,Hungary,-,HUN,-,63180,3932,5,0,0,137,0,6
2023,Ireland,-,IRL,-,113902,6887,22250,0,0,53,0,0
2023,Italy,-,ITA,-,298296,11279,146922,0,0,3000,0,0
2023,Lithuania,-,LTU,-,80225,5297,333,0,0,2331,0,0
2023,Luxembourg,-,LUX,-,13735,0,3745,0,0,201,0,80
2023,Latvia,-,LVA,-,45761,3234,552,0,0,180614,0,0
2023,Malta,-,MLT,-,11724,0,815,0,0,0,0,0
2023,"Netherlands (Kingdom of the)",-,NLD,-,237767,7215,43915,0,0,4816,0,0
2023,Poland,-,POL,-,971478,65475,6989,0,0,1533,0,1328
2023,Romania,-,ROU,-,87487,5582,1068,0,0,287,0,159
2023,Spain,-,ESP,-,385701,13105,204270,0,0,8579,0,0
2023,Slovenia,-,SVN,-,10525,0,1143,0,0,10,0,5
2023,Sweden,-,SWE,-,237632,2977,11271,0,0,18698,0,0
2024,Austria,-,AUT,-,266205,0,32257,0,0,4136,0,0
2024,Belgium,-,BEL,-,172442,1200,49519,0,0,836,0,628
2024,Bulgaria,-,BGR,-,94545,1100,4166,0,0,1010,0,0
2024,Cyprus,-,CYP,-,43449,300,29541,0,0,98,0,0
2024,Czechia,-,CZE,-,361546,6000,1053,0,0,605,0,531
2024,Denmark,-,DNK,-,64388,600,2319,0,0,8535,0,0
2024,Estonia,-,EST,-,40442,700,158,0,0,64882,0,0
2024,Finland,-,FIN,-,87691,1000,6554,0,0,2976,0,0
2024,France,-,FRA,-,689273,1100,71169,0,0,2506,0,1936
2024,Germany,-,DEU,-,2667191,17600,356767,0,0,28649,0,0
2024,Greece,-,GRC,-,214574,400,20887,0,0,3743,0,2427
2024,Croatia,-,HRV,-,26821,400,906,0,0,742,0,272
2024,Hungary,-,HUN,-,68459,900,0,0,0,101,0,13
2024,Ireland,-,IRL,-,120835,1600,28552,0,0,52,0,0
2024,Italy,-,ITA,-,306908,2600,180062,0,0,3000,0,0
2024,Lithuania,-,LTU,-,46861,1200,310,0,0,2331,0,0
2024,Luxembourg,-,LUX,-,10262,0,3088,0,0,93,0,6
2024,Latvia,-,LVA,-,46615,700,226,0,0,180614,0,0
2024,"Netherlands (Kingdom of the)",-,NLD,-,255455,1700,43201,0,0,4365,0,0
2024,Poland,-,POL,-,980034,15300,9266,0,0,1487,0,1328
2024,Romania,-,ROU,-,166849,1300,629,0,0,291,0,179
2024,Spain,-,ESP,-,423004,3100,254050,0,0,8578,0,0
2024,Slovenia,-,SVN,-,11439,200,573,0,0,10,0,10
2024,Sweden,-,SWE,-,223204,700,9448,0,0,18638,0,0
2024,Malta,-,MLT,-,8732,0,645,0,0,0,0,0
